time_s,altitude_km,velocity_kms,temperature_K,mass_kg,thick_mm,lat_deg,lon_deg,downrange_km,flight_path_deg,heading_deg,drag,lift,side,knudsen,mach,density_kgm3,dynamic_pressure_Pa,load_factor_g,convective_heat_W,radiative_heat_W,oxidation_heat_W,rad_cooling_W,integrated_heat_J,visibility_factor
0.0,115.0,7.5,300.0,0.184,25.0,29.546,-82.134,0.0,-0.95933,347.1683,2.059,0.0,0.0,40.95647,21.06668,3.649e-08,1.026,0.002298,12.035,0.0,0.0,-1.443,0.0,1.0
0.1,114.987,7.5,300.007,0.184,25.0,29.553,-82.136,0.74,-0.96007,347.16789,2.059,0.0,0.0,40.88632,21.07305,3.655e-08,1.028,0.002302,12.054,0.0,0.0,-1.443,1.205,1.0
0.55,114.931,7.5,300.036,0.184,25.0,29.582,-82.144,4.067,-0.96337,347.16605,2.059,0.0,0.0,40.56132,21.1027,3.685e-08,1.036,0.002321,12.142,0.0,0.0,-1.443,6.669,1.0
1.55,114.804,7.5,300.104,0.184,25.0,29.646,-82.161,11.463,-0.97071,347.16195,2.059,0.0,0.0,39.82073,21.17099,3.756e-08,1.056,0.002365,12.348,0.0,0.0,-1.444,19.018,1.0
2.55,114.677,7.5,300.172,0.184,25.0,29.711,-82.177,18.859,-0.97806,347.15783,2.058,0.0,0.0,39.03241,21.24483,3.834e-08,1.078,0.002414,12.576,0.0,0.0,-1.445,31.594,1.0
3.55,114.548,7.5,300.242,0.184,25.0,29.776,-82.194,26.255,-0.9854,347.1537,2.058,0.0,0.0,38.25142,21.31918,3.914e-08,1.101,0.002464,12.81,0.0,0.0,-1.446,44.404,1.0
4.55,114.419,7.501,300.314,0.184,25.0,29.841,-82.211,33.651,-0.99274,347.14955,2.058,0.0,0.0,37.47794,21.39403,3.997e-08,1.124,0.002516,13.05,0.0,0.0,-1.448,57.454,1.0
5.55,114.288,7.501,300.387,0.184,25.0,29.906,-82.228,41.047,-1.00008,347.14538,2.058,0.0,0.0,36.7121,21.46936,4.083e-08,1.148,0.00257,13.298,0.0,0.0,-1.449,70.752,1.0
6.55,114.157,7.501,300.462,0.184,25.0,29.97,-82.245,48.443,-1.00742,347.1412,2.057,0.0,0.0,35.95406,21.54517,4.171e-08,1.173,0.002626,13.552,0.0,0.0,-1.45,84.304,1.0
7.55,114.024,7.501,300.538,0.184,25.0,30.035,-82.262,55.84,-1.01476,347.137,2.057,0.0,0.0,35.20396,21.62143,4.262e-08,1.199,0.002683,13.814,0.0,0.0,-1.452,98.118,1.0
8.55,113.891,7.501,300.616,0.184,25.0,30.1,-82.279,63.237,-1.0221,347.13279,2.057,0.0,0.0,34.46192,21.69813,4.357e-08,1.226,0.002742,14.083,0.0,0.0,-1.453,112.201,1.0
9.55,113.757,7.501,300.695,0.184,25.0,30.165,-82.296,70.634,-1.02944,347.12856,2.057,0.0,0.0,33.72808,21.77526,4.454e-08,1.253,0.002803,14.36,0.0,0.0,-1.455,126.56,1.0
10.55,113.622,7.501,300.777,0.184,25.0,30.23,-82.313,78.031,-1.03678,347.12431,2.057,0.0,0.0,33.00255,21.85279,4.555e-08,1.282,0.002866,14.645,0.0,0.0,-1.456,141.205,1.0
11.55,113.485,7.502,300.86,0.184,25.0,30.294,-82.33,85.429,-1.04412,347.12005,2.056,0.0,0.0,32.28545,21.93072,4.659e-08,1.311,0.002931,14.938,0.0,0.0,-1.458,156.142,1.0
12.55,113.348,7.502,300.945,0.184,25.0,30.359,-82.347,92.827,-1.05145,347.11577,2.056,0.0,0.0,31.5769,22.00902,4.766e-08,1.341,0.002999,15.239,0.0,0.0,-1.46,171.381,1.0
13.55,113.21,7.502,301.032,0.184,25.0,30.424,-82.365,100.225,-1.05879,347.11148,2.056,0.0,0.0,30.87699,22.08768,4.877e-08,1.372,0.003068,15.549,0.0,0.0,-1.461,186.931,1.0
14.55,113.071,7.502,301.121,0.184,25.0,30.489,-82.382,107.623,-1.06613,347.10716,2.056,0.0,0.0,30.18583,22.16668,4.992e-08,1.405,0.00314,15.868,0.0,0.0,-1.463,202.799,1.0
15.55,112.931,7.502,301.211,0.184,25.0,30.554,-82.399,115.021,-1.07346,347.10283,2.055,0.0,0.0,29.5035,22.246,5.11e-08,1.438,0.003214,16.197,0.0,0.0,-1.465,218.996,1.0
16.55,112.79,7.502,301.304,0.184,25.0,30.618,-82.416,122.42,-1.0808,347.09849,2.055,0.0,0.0,28.83009,22.32562,5.233e-08,1.473,0.003291,16.535,0.0,0.0,-1.466,235.531,1.0
17.55,112.648,7.502,301.399,0.184,25.0,30.683,-82.433,129.818,-1.08814,347.09413,2.055,0.0,0.0,28.16568,22.40552,5.36e-08,1.508,0.003371,16.883,0.0,0.0,-1.468,252.414,1.0
18.55,112.505,7.503,301.497,0.184,25.0,30.748,-82.45,137.217,-1.09547,347.08975,2.055,0.0,0.0,27.51035,22.48568,5.491e-08,1.545,0.003453,17.241,0.0,0.0,-1.47,269.655,1.0
19.55,112.361,7.503,301.596,0.184,25.0,30.813,-82.468,144.617,-1.1028,347.08535,2.054,0.0,0.0,26.86415,22.56608,5.626e-08,1.584,0.003538,17.61,0.0,0.0,-1.472,287.265,1.0
20.55,112.216,7.503,301.698,0.184,25.0,30.878,-82.485,152.016,-1.11014,347.08094,2.054,0.0,0.0,26.22717,22.6467,5.766e-08,1.623,0.003626,17.989,0.0,0.0,-1.474,305.254,1.0
21.55,112.07,7.503,301.802,0.184,25.0,30.942,-82.502,159.416,-1.11747,347.07651,2.054,0.0,0.0,25.59944,22.72751,5.912e-08,1.664,0.003717,18.38,0.0,0.0,-1.476,323.634,1.0
22.55,111.923,7.503,301.909,0.184,25.0,31.007,-82.519,166.816,-1.1248,347.07206,2.054,0.0,0.0,24.98102,22.8085,6.062e-08,1.706,0.003811,18.782,0.0,0.0,-1.478,342.417,1.0
23.55,111.776,7.503,302.018,0.184,25.0,31.072,-82.537,174.216,-1.13214,347.06759,2.053,0.0,0.0,24.37196,22.88964,6.217e-08,1.75,0.003908,19.197,0.0,0.0,-1.48,361.613,1.0
24.55,111.627,7.503,302.13,0.184,25.0,31.137,-82.554,181.616,-1.13947,347.06311,2.053,0.0,0.0,23.7723,22.97091,6.378e-08,1.796,0.004009,19.623,0.0,0.0,-1.482,381.237,1.0
25.55,111.477,7.504,302.244,0.184,25.0,31.202,-82.571,189.017,-1.1468,347.05861,2.053,0.0,0.0,23.18206,23.05228,6.545e-08,1.843,0.004113,20.062,0.0,0.0,-1.484,401.299,1.0
26.55,111.327,7.504,302.362,0.184,25.0,31.266,-82.589,196.417,-1.15413,347.05409,2.053,0.0,0.0,22.60128,23.13374,6.718e-08,1.891,0.004222,20.514,0.0,0.0,-1.487,421.813,1.0
27.55,111.175,7.504,302.482,0.184,25.0,31.331,-82.606,203.818,-1.16146,347.04956,2.052,0.0,0.0,22.02997,23.21524,6.896e-08,1.942,0.004334,20.98,0.0,0.0,-1.489,442.793,1.0
28.55,111.022,7.504,302.605,0.184,25.0,31.396,-82.623,211.22,-1.16879,347.04501,2.052,0.0,0.0,21.46816,23.29677,7.081e-08,1.994,0.00445,21.46,0.0,0.0,-1.491,464.252,1.0
29.55,110.869,7.504,302.731,0.184,25.0,31.461,-82.641,218.621,-1.17612,347.04044,2.052,0.0,0.0,20.91586,23.37831,7.273e-08,2.048,0.00457,21.953,0.0,0.0,-1.494,486.206,1.0
30.55,110.714,7.504,302.86,0.184,25.0,31.526,-82.658,226.023,-1.18345,347.03585,2.052,0.0,0.0,20.37306,23.45982,7.472e-08,2.104,0.004694,22.462,0.0,0.0,-1.496,508.668,1.0
31.55,110.559,7.505,302.993,0.184,25.0,31.591,-82.676,233.425,-1.19078,347.03125,2.051,0.0,0.0,19.83978,23.54127,7.678e-08,2.162,0.004823,22.986,0.0,0.0,-1.499,531.654,1.0
32.55,110.402,7.505,303.128,0.184,25.0,31.655,-82.693,240.827,-1.19811,347.02662,2.051,0.0,0.0,19.316,23.62265,7.892e-08,2.222,0.004957,23.525,0.0,0.0,-1.501,555.179,1.0
33.55,110.245,7.505,303.267,0.184,25.0,31.72,-82.71,248.229,-1.20544,347.02198,2.051,0.0,0.0,18.80171,23.70391,8.113e-08,2.285,0.005096,24.081,0.0,0.0,-1.504,579.26,1.0
34.55,110.087,7.505,303.41,0.184,25.0,31.785,-82.728,255.632,-1.21276,347.01732,2.051,0.0,0.0,18.29691,23.78503,8.343e-08,2.349,0.005239,24.653,0.0,0.0,-1.507,603.913,1.0
35.55,109.927,7.505,303.556,0.184,25.0,31.85,-82.745,263.035,-1.22009,347.01265,2.05,0.0,0.0,17.80157,23.86598,8.581e-08,2.417,0.005388,25.243,0.0,0.0,-1.51,629.156,1.0
36.55,109.767,7.505,303.706,0.184,25.0,31.915,-82.763,270.438,-1.22742,347.00795,2.05,0.0,0.0,17.31565,23.94673,8.827e-08,2.486,0.005543,25.85,0.0,0.0,-1.513,655.006,1.0
37.55,109.606,7.505,303.86,0.184,25.0,31.979,-82.78,277.841,-1.23474,347.00324,2.05,0.0,0.0,16.83911,24.02727,9.084e-08,2.558,0.005703,26.476,0.0,0.0,-1.516,681.482,1.0
38.55,109.444,7.506,304.018,0.184,25.0,32.044,-82.798,285.245,-1.24207,346.9985,2.05,0.0,0.0,16.3719,24.10758,9.349e-08,2.633,0.00587,27.12,0.0,0.0,-1.519,708.602,1.0
39.55,109.28,7.506,304.179,0.184,25.0,32.109,-82.816,292.649,-1.2494,346.99375,2.049,0.0,0.0,15.91395,24.18764,9.625e-08,2.711,0.006042,27.784,0.0,0.0,-1.522,736.385,1.0
40.55,109.116,7.506,304.345,0.184,25.0,32.174,-82.833,300.053,-1.25672,346.98899,2.049,0.0,0.0,15.46522,24.26743,9.911e-08,2.792,0.006221,28.467,0.0,0.0,-1.525,764.852,1.0
41.55,108.951,7.506,304.516,0.184,25.0,32.239,-82.851,307.457,-1.26405,346.9842,2.049,0.0,0.0,15.02563,24.34693,1.021e-07,2.876,0.006407,29.172,0.0,0.0,-1.528,794.024,1.0
42.55,108.785,7.506,304.69,0.184,25.0,32.304,-82.868,314.862,-1.27138,346.97939,2.049,0.0,0.0,14.59513,24.42612,1.052e-07,2.963,0.0066,29.897,0.0,0.0,-1.532,823.921,1.0
43.55,108.618,7.506,304.869,0.184,25.0,32.368,-82.886,322.266,-1.2787,346.97457,2.048,0.0,0.0,14.17364,24.50499,1.084e-07,3.053,0.006801,30.645,0.0,0.0,-1.535,854.566,1.0
44.55,108.45,7.506,305.053,0.184,25.0,32.433,-82.904,329.671,-1.28603,346.96973,2.048,0.0,0.0,13.76109,24.58351,1.117e-07,3.147,0.007009,31.415,0.0,0.0,-1.539,885.982,1.0
45.55,108.281,7.507,305.242,0.184,25.0,32.498,-82.922,337.077,-1.29335,346.96486,2.048,0.0,0.0,13.35742,24.66166,1.152e-07,3.244,0.007226,32.209,0.0,0.0,-1.543,918.191,1.0
46.55,108.111,7.507,305.436,0.184,25.0,32.563,-82.939,344.482,-1.30068,346.95998,2.048,0.0,0.0,12.96253,24.73943,1.187e-07,3.346,0.007451,33.026,0.0,0.0,-1.546,951.217,1.0
47.55,107.94,7.507,305.635,0.184,25.0,32.628,-82.957,351.888,-1.308,346.95508,2.047,0.0,0.0,12.57636,24.81679,1.225e-07,3.451,0.007684,33.869,0.0,0.0,-1.55,985.086,1.0
48.55,107.769,7.507,305.839,0.184,25.0,32.692,-82.975,359.294,-1.31533,346.95017,2.047,0.0,0.0,12.19883,24.89372,1.264e-07,3.561,0.007927,34.737,0.0,0.0,-1.554,1019.823,1.0
49.55,107.596,7.507,306.049,0.184,25.0,32.757,-82.993,366.7,-1.32265,346.94523,2.047,0.0,0.0,11.82983,24.9702,1.304e-07,3.674,0.008179,35.631,0.0,0.0,-1.559,1055.454,1.0
50.55,107.422,7.507,306.264,0.184,25.0,32.822,-83.01,374.106,-1.32998,346.94027,2.047,0.0,0.0,11.4693,25.04621,1.346e-07,3.793,0.008442,36.553,0.0,0.0,-1.563,1092.006,1.0
51.55,107.247,7.507,306.485,0.184,25.0,32.887,-83.028,381.513,-1.3373,346.93529,2.047,0.0,0.0,11.11714,25.12172,1.39e-07,3.916,0.008716,37.502,0.0,0.0,-1.567,1129.508,1.0
52.55,107.072,7.508,306.712,0.184,25.0,32.952,-83.046,388.92,-1.34463,346.9303,2.046,0.0,0.0,10.77325,25.19672,1.435e-07,4.044,0.009,38.481,0.0,0.0,-1.572,1167.989,1.0
53.55,106.895,7.508,306.945,0.184,25.0,33.017,-83.064,396.327,-1.35195,346.92528,2.046,0.0,0.0,10.43755,25.27118,1.482e-07,4.177,0.009296,39.488,0.0,0.0,-1.577,1207.477,1.0
54.55,106.717,7.508,307.185,0.184,25.0,33.081,-83.082,403.734,-1.35928,346.92025,2.046,0.0,0.0,10.10994,25.34507,1.531e-07,4.316,0.009603,40.527,0.0,0.0,-1.581,1248.004,1.0
55.55,106.539,7.508,307.431,0.184,25.0,33.146,-83.1,411.142,-1.36661,346.9152,2.046,0.0,0.0,9.79031,25.41838,1.582e-07,4.46,0.009924,41.596,0.0,0.0,-1.586,1289.6,1.0
56.55,106.359,7.508,307.684,0.184,25.0,33.211,-83.118,418.55,-1.37393,346.91012,2.046,0.0,0.0,9.47858,25.49107,1.636e-07,4.61,0.01026,42.698,0.0,0.0,-1.591,1332.298,1.0
57.55,106.179,7.508,307.943,0.184,25.0,33.276,-83.136,425.958,-1.38126,346.90503,2.046,0.0,0.0,9.17463,25.56313,1.691e-07,4.766,0.0106,43.833,0.0,0.0,-1.597,1376.131,1.0
58.55,105.997,7.508,308.21,0.184,25.0,33.341,-83.153,433.366,-1.38859,346.89992,2.046,0.0,0.0,8.87837,25.63452,1.749e-07,4.929,0.01097,45.001,0.0,0.0,-1.602,1421.132,1.0
59.55,105.815,7.508,308.484,0.184,25.0,33.406,-83.171,440.775,-1.39592,346.89478,2.045,0.0,0.0,8.58968,25.70523,1.809e-07,5.099,0.01134,46.205,0.0,0.0,-1.608,1467.337,1.0
60.55,105.631,7.509,308.766,0.184,25.0,33.47,-83.189,448.184,-1.40324,346.88963,2.045,0.0,0.0,8.30846,25.77523,1.871e-07,5.275,0.01173,47.445,0.0,0.0,-1.613,1514.782,1.0
61.55,105.447,7.509,309.056,0.184,25.0,33.535,-83.208,455.593,-1.41057,346.88446,2.045,0.0,0.0,8.03461,25.84448,1.937e-07,5.459,0.01214,48.721,0.0,0.0,-1.619,1563.503,1.0
62.55,105.262,7.509,309.353,0.184,25.0,33.6,-83.226,463.002,-1.4179,346.87926,2.045,0.0,0.0,7.76801,25.91298,2.004e-07,5.651,0.01257,50.035,0.0,0.0,-1.625,1613.538,1.0
63.55,105.075,7.509,309.659,0.184,25.0,33.665,-83.244,470.411,-1.42523,346.87405,2.045,0.0,0.0,7.50855,25.98067,2.075e-07,5.85,0.01301,51.388,0.0,0.0,-1.632,1664.927,1.0
64.55,104.888,7.509,309.973,0.184,25.0,33.73,-83.262,477.821,-1.43256,346.86882,2.045,0.0,0.0,7.25611,26.04755,2.149e-07,6.058,0.01347,52.781,0.0,0.0,-1.638,1717.708,1.0
65.55,104.7,7.509,310.296,0.184,25.0,33.795,-83.28,485.231,-1.43989,346.86356,2.045,0.0,0.0,7.01059,26.11357,2.226e-07,6.275,0.01395,54.215,0.0,0.0,-1.645,1771.923,1.0
66.55,104.511,7.509,310.628,0.184,25.0,33.859,-83.298,492.641,-1.44723,346.85829,2.045,0.0,0.0,6.77187,26.17872,2.306e-07,6.501,0.01445,55.69,0.0,0.0,-1.651,1827.613,1.0
67.55,104.321,7.509,310.969,0.184,25.0,33.924,-83.316,500.051,-1.45456,346.853,2.044,0.0,0.0,6.53983,26.24296,2.389e-07,6.737,0.01498,57.209,0.0,0.0,-1.659,1884.821,1.0
68.55,104.13,7.509,311.319,0.184,25.0,33.989,-83.334,507.462,-1.4619,346.84768,2.044,0.0,0.0,6.31437,26.30626,2.477e-07,6.983,0.01552,58.771,0.0,0.0,-1.666,1943.592,1.0
69.55,103.937,7.509,311.68,0.184,25.0,34.054,-83.353,514.873,-1.46923,346.84234,2.044,0.0,0.0,6.09535,26.3686,2.567e-07,7.239,0.01609,60.378,0.0,0.0,-1.673,2003.971,1.0
70.55,103.744,7.51,312.05,0.184,25.0,34.119,-83.371,522.283,-1.47657,346.83699,2.044,0.0,0.0,5.88266,26.42993,2.662e-07,7.506,0.01668,62.031,0.0,0.0,-1.681,2066.002,1.0
71.55,103.55,7.51,312.431,0.184,25.0,34.184,-83.389,529.695,-1.48391,346.83161,2.044,0.0,0.0,5.67619,26.49024,2.761e-07,7.785,0.0173,63.732,0.0,0.0,-1.689,2129.734,1.0
72.55,103.355,7.51,312.822,0.184,25.0,34.249,-83.407,537.106,-1.49125,346.82621,2.044,0.0,0.0,5.47581,26.54948,2.864e-07,8.075,0.01795,65.48,0.0,0.0,-1.697,2195.214,1.0
73.55,103.16,7.51,313.224,0.184,25.0,34.313,-83.426,544.517,-1.49859,346.82079,2.044,0.0,0.0,5.28142,26.60762,2.971e-07,8.379,0.01862,67.278,0.0,0.0,-1.706,2262.492,1.0
74.55,102.963,7.51,313.638,0.184,25.0,34.378,-83.444,551.929,-1.50593,346.81535,2.044,0.0,0.0,5.09288,26.66464,3.083e-07,8.695,0.01932,69.126,0.0,0.0,-1.715,2331.618,1.0
75.55,102.765,7.51,314.063,0.184,25.0,34.443,-83.462,559.341,-1.51328,346.80989,2.043,0.0,0.0,4.91008,26.72049,3.201e-07,9.025,0.02006,71.025,0.0,0.0,-1.724,2402.643,1.0
76.55,102.566,7.51,314.5,0.184,25.0,34.508,-83.481,566.753,-1.52063,346.80441,2.043,0.0,0.0,4.7329,26.77515,3.323e-07,9.37,0.02082,72.976,0.0,0.0,-1.733,2475.619,1.0
77.55,102.366,7.51,314.949,0.184,25.0,34.573,-83.499,574.165,-1.52798,346.7989,2.043,0.0,0.0,4.56122,26.82857,3.45e-07,9.729,0.02162,74.981,0.0,0.0,-1.743,2550.601,1.0
78.55,102.166,7.51,315.41,0.184,25.0,34.638,-83.517,581.578,-1.53533,346.79338,2.043,0.0,0.0,4.39492,26.88072,3.583e-07,10.1,0.02245,77.04,0.0,0.0,-1.753,2627.641,1.0
79.55,101.964,7.51,315.884,0.184,25.0,34.702,-83.536,588.99,-1.54268,346.78783,2.043,0.0,0.0,4.23389,26.93157,3.722e-07,10.5,0.02332,79.155,0.0,0.0,-1.763,2706.796,1.0
80.55,101.761,7.51,316.371,0.184,25.0,34.767,-83.554,596.403,-1.55004,346.78226,2.043,0.0,0.0,4.07801,26.98107,3.867e-07,10.9,0.02423,81.326,0.0,0.0,-1.774,2788.122,1.0
81.55,101.558,7.51,316.872,0.184,25.0,34.832,-83.573,603.816,-1.5574,346.77667,2.043,0.0,0.0,3.92715,27.02919,4.018e-07,11.33,0.02517,83.554,0.0,0.0,-1.785,2871.676,1.0
82.55,101.353,7.51,317.387,0.184,25.0,34.897,-83.591,611.229,-1.56476,346.77106,2.043,0.0,0.0,3.78121,27.07589,4.176e-07,11.78,0.02616,85.841,0.0,0.0,-1.796,2957.517,1.0
83.55,101.147,7.51,317.916,0.184,25.0,34.962,-83.61,618.642,-1.57212,346.76543,2.043,0.0,0.0,3.64006,27.12112,4.341e-07,12.24,0.02719,88.186,0.0,0.0,-1.808,3045.703,1.0
84.55,100.941,7.51,318.459,0.184,25.0,35.027,-83.628,626.055,-1.57949,346.75978,2.043,0.0,0.0,3.50359,27.16486,4.513e-07,12.73,0.02827,90.592,0.0,0.0,-1.82,3136.295,1.0
85.55,100.733,7.51,319.017,0.184,25.0,35.091,-83.647,633.469,-1.58686,346.7541,2.042,0.0,0.0,3.37169,27.20704,4.693e-07,13.23,0.02939,93.059,0.0,0.0,-1.832,3229.355,1.0
86.55,100.525,7.51,319.591,0.184,25.0,35.156,-83.665,640.882,-1.59424,346.7484,2.042,0.0,0.0,3.24424,27.24764,4.88e-07,13.76,0.03057,95.588,0.0,0.0,-1.845,3324.942,1.0
87.55,100.316,7.51,320.18,0.184,25.0,35.221,-83.684,648.296,-1.60162,346.74268,2.042,0.0,0.0,3.12113,27.28661,5.076e-07,14.31,0.03179,98.179,0.0,0.0,-1.858,3423.122,1.0
88.55,100.105,7.51,320.785,0.184,25.0,35.286,-83.703,655.71,-1.609,346.73694,2.042,0.0,0.0,3.00225,27.32391,5.28e-07,14.89,0.03307,100.834,0.0,0.0,-1.872,3523.956,1.0
89.55,99.894,7.51,321.406,0.184,25.0,35.351,-83.721,663.123,-1.61639,346.73117,2.042,0.0,0.0,2.88749,27.35948,5.494e-07,15.49,0.03441,103.553,0.0,0.0,-1.886,3627.508,1.0
90.55,99.681,7.51,322.044,0.184,25.0,35.416,-83.74,670.537,-1.62378,346.72538,2.042,0.0,0.0,2.77673,27.39331,5.717e-07,16.12,0.0358,106.337,0.0,0.0,-1.901,3733.845,1.0
91.55,99.468,7.51,322.7,0.184,25.0,35.48,-83.759,677.951,-1.63118,346.71957,2.042,0.0,0.0,2.66985,27.42539,5.949e-07,16.78,0.03725,109.186,0.0,0.0,-1.916,3843.032,1.0
92.55,99.254,7.51,323.372,0.184,25.0,35.545,-83.777,685.365,-1.63858,346.71374,2.042,0.0,0.0,2.56675,27.45574,6.192e-07,17.46,0.03877,112.103,0.0,0.0,-1.932,3955.135,1.0
93.55,99.039,7.509,324.063,0.184,25.0,35.61,-83.796,692.779,-1.64598,346.70789,2.042,0.0,0.0,2.4673,27.48437,6.446e-07,18.17,0.04036,115.087,0.0,0.0,-1.948,4070.222,1.0
94.55,98.823,7.509,324.772,0.184,25.0,35.675,-83.815,700.193,-1.65339,346.70201,2.042,0.0,0.0,2.3714,27.51127,6.71e-07,18.92,0.04201,118.14,0.0,0.0,-1.965,4188.362,1.0
95.55,98.605,7.509,325.5,0.184,25.0,35.74,-83.834,707.607,-1.66081,346.69611,2.042,0.0,0.0,2.27894,27.53647,6.987e-07,19.7,0.04374,121.263,0.0,0.0,-1.982,4309.625,1.0
96.55,98.387,7.509,326.247,0.184,25.0,35.805,-83.852,715.021,-1.66823,346.69019,2.042,0.0,0.0,2.1898,27.55996,7.276e-07,20.51,0.04555,124.456,0.0,0.0,-2.0,4434.081,1.0
97.55,98.168,7.509,327.013,0.184,25.0,35.869,-83.871,722.435,-1.67566,346.68424,2.042,0.0,0.0,2.10389,27.58176,7.577e-07,21.36,0.04743,127.72,0.0,0.0,-2.018,4561.802,1.0
98.55,97.948,7.509,327.8,0.184,25.0,35.934,-83.89,729.849,-1.6831,346.67827,2.042,0.0,0.0,2.0211,27.60188,7.892e-07,22.25,0.0494,131.057,0.0,0.0,-2.037,4692.859,1.0
99.55,97.727,7.508,328.607,0.184,25.0,35.999,-83.909,737.263,-1.69054,346.67228,2.042,0.0,0.0,1.94134,27.62033,8.221e-07,23.17,0.05146,134.467,0.0,0.0,-2.057,4827.326,1.0
100.55,97.505,7.508,329.434,0.184,25.0,36.064,-83.928,744.676,-1.69799,346.66627,2.042,0.0,0.0,1.8645,27.63712,8.565e-07,24.14,0.0536,137.951,0.0,0.0,-2.077,4965.277,1.0
101.55,97.282,7.508,330.283,0.184,25.0,36.129,-83.947,752.09,-1.70545,346.66023,2.042,0.0,0.0,1.7905,27.65226,8.924e-07,25.15,0.05584,141.51,0.0,0.0,-2.098,5106.787,1.0
102.55,97.058,7.508,331.154,0.184,25.0,36.194,-83.966,759.504,-1.71292,346.65417,2.042,0.0,0.0,1.71923,27.66575,9.299e-07,26.21,0.05819,145.145,0.0,0.0,-2.12,5251.932,1.0
103.55,96.833,7.507,332.046,0.184,25.0,36.258,-83.985,766.917,-1.7204,346.64809,2.042,0.0,0.0,1.65062,27.67763,9.691e-07,27.31,0.06063,148.857,0.0,0.0,-2.142,5400.789,1.0
104.55,96.607,7.507,332.961,0.184,25.0,36.323,-84.004,774.33,-1.72788,346.64198,2.042,0.0,0.0,1.58456,27.68789,1.01e-06,28.46,0.06319,152.646,0.0,0.0,-2.166,5553.435,1.0
105.55,96.381,7.507,333.899,0.184,25.0,36.388,-84.023,781.743,-1.73538,346.63585,2.041,0.0,0.0,1.52098,27.69655,1.053e-06,29.66,0.06586,156.515,0.0,0.0,-2.19,5709.95,1.0
106.55,96.153,7.506,334.861,0.184,25.0,36.453,-84.042,789.156,-1.74288,346.6297,2.041,0.0,0.0,1.4598,27.70363,1.098e-06,30.92,0.06865,160.463,0.0,0.0,-2.214,5870.412,1.0
107.55,95.924,7.506,335.847,0.184,25.0,36.518,-84.061,796.569,-1.75039,346.62353,2.041,0.0,0.0,1.40092,27.70914,1.144e-06,32.23,0.07156,164.491,0.0,0.0,-2.24,6034.904,1.0
108.55,95.694,7.505,336.856,0.184,25.0,36.582,-84.08,803.981,-1.75792,346.61733,2.041,0.0,0.0,1.34428,27.7131,1.193e-06,33.6,0.07461,168.602,0.0,0.0,-2.266,6203.505,1.0
109.55,95.464,7.505,337.891,0.184,25.0,36.647,-84.099,811.394,-1.76546,346.6111,2.041,0.0,0.0,1.28979,27.71553,1.244e-06,35.04,0.07779,172.795,0.0,0.0,-2.294,6376.3,1.0
110.55,95.232,7.504,338.951,0.184,25.0,36.712,-84.118,818.805,-1.77301,346.60486,2.041,0.0,0.0,1.23739,27.71643,1.297e-06,36.53,0.08111,177.071,0.0,0.0,-2.322,6553.371,1.0
111.55,94.999,7.504,340.037,0.184,25.0,36.777,-84.138,826.217,-1.78057,346.59859,2.041,0.0,0.0,1.18699,27.71584,1.353e-06,38.1,0.08458,181.433,0.0,0.0,-2.351,6734.804,1.0
112.55,94.765,7.503,341.149,0.184,25.0,36.842,-84.157,833.628,-1.78814,346.59229,2.041,0.0,0.0,1.13852,27.71378,1.411e-06,39.73,0.08821,185.88,0.0,0.0,-2.382,6920.684,1.0
113.55,94.531,7.503,342.287,0.184,25.0,36.906,-84.176,841.039,-1.79573,346.58597,2.041,0.0,0.0,1.09193,27.71025,1.472e-06,41.44,0.092,190.415,0.0,0.0,-2.413,7111.099,1.0
114.55,94.295,7.502,343.453,0.184,25.0,36.971,-84.195,848.449,-1.80334,346.57963,2.041,0.0,0.0,1.04714,27.70529,1.536e-06,43.22,0.09596,195.037,0.0,0.0,-2.445,7306.136,1.0
115.55,94.059,7.502,344.647,0.184,25.0,37.036,-84.214,855.859,-1.81096,346.57327,2.041,0.0,0.0,1.00409,27.69892,1.602e-06,45.09,0.1001,199.75,0.0,0.0,-2.479,7505.886,1.0
116.55,93.821,7.501,345.871,0.184,25.0,37.101,-84.234,863.268,-1.81859,346.56688,2.041,0.0,0.0,0.96271,27.69116,1.672e-06,47.04,0.1044,204.859,0.0,0.0,-2.513,7710.745,1.0
117.55,93.583,7.5,347.13,0.184,25.0,37.165,-84.253,870.677,-1.82625,346.56047,2.04,0.0,0.0,0.92295,27.68205,1.745e-06,49.07,0.1089,210.844,0.0,0.0,-2.549,7921.589,1.0
118.55,93.343,7.499,348.429,0.184,25.0,37.23,-84.272,878.085,-1.83392,346.55403,2.039,0.0,0.0,0.88474,27.6716,1.821e-06,51.2,0.1135,217.769,0.0,0.0,-2.587,8139.358,1.0
119.55,93.103,7.498,349.776,0.184,25.0,37.295,-84.292,885.492,-1.84161,346.54757,2.036,0.0,0.0,0.84803,27.65985,1.9e-06,53.43,0.1183,225.696,0.0,0.0,-2.626,8365.054,1.0
120.55,92.861,7.498,351.176,0.184,25.0,37.36,-84.311,892.899,-1.84931,346.54109,2.033,0.0,0.0,0.81277,27.64684,1.984e-06,55.75,0.1233,234.688,0.0,0.0,-2.666,8599.742,1.0
121.55,92.619,7.497,352.636,0.184,25.0,37.424,-84.331,900.305,-1.85704,346.53458,2.029,0.0,0.0,0.7789,27.63258,2.071e-06,58.18,0.1284,244.811,0.0,0.0,-2.709,8844.553,1.0
122.55,92.375,7.496,354.163,0.184,25.0,37.489,-84.35,907.71,-1.86479,346.52805,2.025,0.0,0.0,0.74636,27.61713,2.161e-06,60.72,0.1337,256.129,0.0,0.0,-2.755,9100.682,1.0
123.55,92.131,7.495,355.764,0.184,25.0,37.554,-84.37,915.115,-1.87257,346.52149,2.02,0.0,0.0,0.71512,27.60052,2.257e-06,63.38,0.1392,268.711,0.0,0.0,-2.803,9369.393,1.0
124.55,91.885,7.494,357.447,0.184,25.0,37.618,-84.389,922.518,-1.88036,346.51491,2.014,0.0,0.0,0.68511,27.58278,2.356e-06,66.16,0.1449,282.623,0.0,0.0,-2.854,9652.017,1.0
125.55,91.639,7.492,359.22,0.184,25.0,37.683,-84.409,929.921,-1.88818,346.50831,2.007,0.0,0.0,0.6563,27.56396,2.46e-06,69.06,0.1508,297.935,0.0,0.0,-2.908,9949.952,1.0
126.55,91.392,7.491,361.092,0.184,25.0,37.748,-84.428,937.322,-1.89603,346.50168,2.0,0.0,0.0,0.62864,27.5441,2.569e-06,72.1,0.1568,314.716,0.0,0.0,-2.966,10264.668,1.0
127.55,91.143,7.49,363.071,0.184,25.0,37.812,-84.448,944.723,-1.9039,346.49503,1.992,0.0,0.0,0.60208,27.52324,2.683e-06,75.27,0.1631,333.036,0.0,0.0,-3.029,10597.704,1.0
128.55,90.894,7.489,365.167,0.184,25.0,37.877,-84.467,952.123,-1.9118,346.48835,1.983,0.0,0.0,0.57659,27.50143,2.803e-06,78.59,0.1695,352.967,0.0,0.0,-3.096,10950.671,1.0
129.55,90.644,7.487,367.39,0.184,25.0,37.942,-84.487,959.521,-1.91973,346.48166,1.974,0.0,0.0,0.55212,27.47872,2.928e-06,82.07,0.1762,374.58,0.0,0.0,-3.168,11325.251,1.0
130.55,90.392,7.486,369.749,0.184,25.0,38.006,-84.506,966.918,-1.92768,346.47493,1.964,0.0,0.0,0.52863,27.45517,3.059e-06,85.7,0.1831,397.947,0.0,0.0,-3.246,11723.198,1.0
131.55,90.14,7.484,372.256,0.184,25.0,38.071,-84.526,974.314,-1.93567,346.46819,1.954,0.0,0.0,0.50609,27.43081,3.196e-06,89.5,0.1901,423.14,0.0,0.0,-3.33,12146.338,1.0
132.55,89.887,7.483,374.919,0.184,25.0,38.135,-84.546,981.708,-1.9437,346.46141,1.942,0.0,0.0,0.48445,27.40571,3.339e-06,93.48,0.1975,450.234,0.0,0.0,-3.421,12596.572,1.0
133.55,89.633,7.481,377.751,0.184,25.0,38.2,-84.566,989.101,-1.95175,346.45462,1.93,0.0,0.0,0.46369,27.37991,3.489e-06,97.64,0.205,479.301,0.0,0.0,-3.52,13075.873,1.0
134.55,89.377,7.479,380.761,0.184,25.0,38.265,-84.585,996.493,-1.95984,346.4478,1.918,0.0,0.0,0.44377,27.35341,3.647e-06,102.0,0.2127,510.411,0.0,0.0,-3.627,13586.284,1.0
135.55,89.121,7.477,383.962,0.184,25.0,38.329,-84.605,1003.883,-1.96797,346.44096,1.905,0.0,0.0,0.42466,27.3262,3.811e-06,106.6,0.2207,543.633,0.0,0.0,-3.744,14129.917,1.0
136.55,88.864,7.476,387.365,0.184,25.0,38.394,-84.625,1011.271,-1.97614,346.43409,1.891,0.0,0.0,0.40633,27.29829,3.984e-06,111.3,0.229,579.038,0.0,0.0,-3.872,14708.955,1.0
137.55,88.605,7.474,390.981,0.184,25.0,38.458,-84.645,1018.658,-1.98434,346.4272,1.877,0.0,0.0,0.38875,27.26969,4.165e-06,116.3,0.2374,616.691,0.0,0.0,-4.011,15325.646,1.0
138.55,88.346,7.472,394.824,0.184,25.0,38.523,-84.664,1026.042,-1.99259,346.42029,1.862,0.0,0.0,0.3719,27.2404,4.354e-06,121.5,0.2461,656.66,0.0,0.0,-4.163,15982.307,1.0
139.55,88.086,7.469,398.905,0.184,25.0,38.587,-84.684,1033.425,-2.00088,346.41336,1.847,0.0,0.0,0.35574,27.21042,4.553e-06,127.0,0.2551,699.009,0.0,0.0,-4.329,16681.316,1.0
140.55,87.825,7.467,403.235,0.184,25.0,38.652,-84.704,1040.806,-2.00921,346.40639,1.831,0.0,0.0,0.34024,27.17975,4.761e-06,132.7,0.2643,743.801,0.0,0.0,-4.511,17425.118,1.0
141.55,87.562,7.465,407.826,0.184,25.0,38.716,-84.724,1048.185,-2.01759,346.39941,1.815,0.0,0.0,0.3254,27.1484,4.978e-06,138.7,0.2737,791.097,0.0,0.0,-4.71,18216.215,1.0
142.55,87.299,7.462,412.692,0.184,25.0,38.78,-84.744,1055.562,-2.02602,346.3924,1.798,0.0,0.0,0.31116,27.11637,5.207e-06,145.0,0.2835,840.955,0.0,0.0,-4.928,19057.17,1.0
143.55,87.035,7.46,417.844,0.184,25.0,38.845,-84.764,1062.936,-2.0345,346.38537,1.781,0.0,0.0,0.29753,27.08366,5.446e-06,151.5,0.2935,893.432,0.0,0.0,-5.167,19950.602,1.0
144.55,86.769,7.457,423.298,0.184,25.0,38.909,-84.784,1070.308,-2.04303,346.37832,1.763,0.0,0.0,0.28446,27.05029,5.697e-06,158.4,0.3037,948.581,0.0,0.0,-5.43,20899.184,1.0
145.55,86.503,7.455,429.067,0.184,25.0,38.974,-84.804,1077.678,-2.05161,346.37124,1.745,0.0,0.0,0.27195,27.01624,5.959e-06,165.6,0.3143,1006.454,0.0,0.0,-5.72,21905.637,1.0
146.55,86.236,7.452,435.163,0.184,25.0,39.038,-84.824,1085.045,-2.06025,346.36415,1.727,0.0,0.0,0.25996,26.98153,6.235e-06,173.1,0.3251,1067.097,0.0,0.0,-6.038,22972.734,1.0
147.55,85.967,7.449,441.593,0.184,25.0,39.102,-84.844,1092.41,-2.06894,346.35702,1.708,0.0,0.0,0.24848,26.94617,6.523e-06,181.0,0.3362,1130.555,0.0,0.0,-6.388,24103.289,1.0
148.55,85.698,7.446,448.359,0.184,25.0,39.167,-84.864,1099.771,-2.0777,346.34988,1.689,0.0,0.0,0.23749,26.91014,6.826e-06,189.2,0.3476,1196.87,0.0,0.0,-6.774,25300.16,1.0
149.55,85.427,7.443,455.471,0.184,25.0,39.231,-84.884,1107.13,-2.08651,346.34271,1.67,0.0,0.0,0.22696,26.87346,7.143e-06,197.9,0.3593,1266.08,0.0,0.0,-7.199,26566.24,1.0
150.55,85.156,7.44,462.921,0.184,25.0,39.295,-84.904,1114.486,-2.09539,346.33552,1.65,0.0,0.0,0.21688,26.83613,7.475e-06,206.9,0.3713,1338.218,0.0,0.0,-7.667,27904.458,1.0
151.55,84.883,7.436,470.677,0.184,25.0,39.359,-84.924,1121.839,-2.10434,346.32831,1.63,0.0,0.0,0.20723,26.79815,7.824e-06,216.3,0.3836,1413.315,0.0,0.0,-8.181,29317.773,1.0
152.55,84.61,7.433,478.744,0.184,25.0,39.423,-84.944,1129.189,-2.11335,346.32107,1.61,0.0,0.0,0.198,26.75952,8.189e-06,226.2,0.3962,1491.399,0.0,0.0,-8.743,30809.172,1.0
153.55,84.335,7.429,487.055,0.184,25.0,39.487,-84.964,1136.535,-2.12244,346.31381,1.59,0.0,0.0,0.18916,26.72025,8.572e-06,236.6,0.4092,1572.491,0.0,0.0,-9.358,32381.663,1.0
154.55,84.059,7.425,495.581,0.184,25.0,39.552,-84.984,1143.878,-2.1316,346.30654,1.57,0.0,0.0,0.1807,26.68033,8.974e-06,247.4,0.4225,1656.613,0.0,0.0,-10.025,34038.276,1.0
155.55,83.783,7.421,504.349,0.184,25.0,39.616,-85.005,1151.217,-2.14083,346.29923,1.55,0.0,0.0,0.17261,26.63977,9.395e-06,258.8,0.4362,1743.781,0.0,0.0,-10.746,35782.057,1.0
156.55,83.505,7.417,513.429,0.184,25.0,39.68,-85.025,1158.553,-2.15014,346.29191,1.529,0.0,0.0,0.16487,26.59856,9.837e-06,270.6,0.4502,1834.001,0.0,0.0,-11.526,37616.058,1.0
157.55,83.226,7.413,522.832,0.184,25.0,39.744,-85.045,1165.885,-2.15953,346.28457,1.509,0.0,0.0,0.15746,26.55671,1.03e-05,283.1,0.4646,1927.272,0.0,0.0,-12.379,39543.331,1.0
158.55,82.946,7.409,532.797,0.184,25.0,39.808,-85.065,1173.212,-2.16901,346.2772,1.489,0.0,0.0,0.15037,26.51421,1.079e-05,296.1,0.4793,2023.592,0.0,0.0,-13.311,41566.922,1.0
159.55,82.665,7.405,543.354,0.184,25.0,39.872,-85.086,1180.536,-2.17857,346.26982,1.468,0.0,0.0,0.14359,26.47107,1.13e-05,309.7,0.4945,2122.933,0.0,0.0,-14.355,43689.855,1.0
160.55,82.383,7.4,554.608,0.184,25.0,39.935,-85.106,1187.856,-2.18822,346.26241,1.448,0.0,0.0,0.13711,26.42727,1.183e-05,324.0,0.5101,2225.276,0.0,0.0,-15.528,45915.131,1.0
161.55,82.1,7.395,566.588,0.184,25.0,39.999,-85.126,1195.171,-2.19796,346.25498,1.428,0.0,0.0,0.13091,26.38282,1.239e-05,338.9,0.5261,2330.591,0.0,0.0,-16.855,48245.722,1.0
162.55,81.816,7.39,579.17,0.184,25.0,40.063,-85.146,1202.481,-2.2078,346.24753,1.407,0.0,0.0,0.12498,26.33771,1.298e-05,354.5,0.5426,2438.845,0.0,0.0,-18.359,50684.567,1.0
163.55,81.531,7.385,592.208,0.184,25.0,40.127,-85.167,1209.787,-2.21774,346.24006,1.387,0.0,0.0,0.11931,26.29194,1.36e-05,370.9,0.5596,2550.013,0.0,0.0,-20.045,53234.579,1.0
164.55,81.244,7.38,605.519,0.184,25.0,40.191,-85.187,1217.088,-2.22777,346.23258,1.368,0.0,0.0,0.11389,26.2455,1.424e-05,388.0,0.577,2664.068,0.0,0.0,-21.911,55898.648,1.0
165.55,80.957,7.375,619.067,0.184,25.0,40.254,-85.207,1224.384,-2.23792,346.22507,1.348,0.0,0.0,0.10871,26.19839,1.492e-05,405.9,0.595,2780.985,0.0,0.0,-23.949,58679.633,1.0
166.55,80.668,7.369,632.855,0.184,25.0,40.318,-85.228,1231.674,-2.24817,346.21754,1.329,0.0,0.0,0.10375,26.15059,1.564e-05,424.6,0.6135,2900.718,0.0,0.0,-26.165,61580.351,1.0
167.55,80.379,7.363,646.885,0.184,25.0,40.381,-85.248,1238.959,-2.25853,346.20999,1.309,0.0,0.0,0.09902,26.10211,1.638e-05,444.3,0.6326,3023.211,0.0,0.0,-28.575,64603.563,1.0
168.55,80.088,7.357,661.152,0.184,25.0,40.445,-85.269,1246.239,-2.26901,346.20243,1.29,0.0,0.0,0.09449,26.05292,1.717e-05,464.8,0.6523,3148.403,0.0,0.0,-31.195,67751.966,1.0
169.55,79.796,7.351,675.67,0.184,25.0,40.508,-85.289,1253.513,-2.2796,346.19484,1.272,0.0,0.0,0.09016,26.00303,1.799e-05,486.3,0.6727,3276.225,0.0,0.0,-34.039,71028.191,1.0
170.55,79.503,7.345,690.463,0.184,25.0,40.572,-85.309,1260.78,-2.29032,346.18724,1.254,0.0,0.0,0.08603,25.95241,1.886e-05,508.8,0.6937,3406.602,0.0,0.0,-37.129,74434.793,1.0
171.55,79.209,7.338,705.589,0.184,25.0,40.635,-85.33,1268.042,-2.30117,346.17962,1.236,0.0,0.0,0.08208,25.90107,1.977e-05,532.4,0.7155,3539.449,0.0,0.0,-40.489,77974.243,1.0
172.55,78.914,7.332,721.259,0.184,25.0,40.699,-85.35,1275.297,-2.31214,346.17198,1.218,0.0,0.0,0.0783,25.84897,2.072e-05,557.1,0.738,3674.67,0.0,0.0,-44.155,81648.913,1.0
173.55,78.618,7.325,738.385,0.184,25.0,40.762,-85.371,1282.546,-2.32326,346.16433,1.201,0.0,0.0,0.07469,25.79611,2.172e-05,582.9,0.7613,3812.137,0.0,0.0,-48.21,85461.05,1.0
174.55,78.32,7.317,757.745,0.184,25.0,40.825,-85.391,1289.788,-2.33451,346.15666,1.184,0.0,0.0,0.07125,25.74248,2.278e-05,609.9,0.7855,3951.607,0.0,0.0,-52.955,89412.658,1.0
175.55,78.021,7.31,778.228,0.184,25.0,40.888,-85.412,1297.023,-2.34591,346.14897,1.168,0.0,0.0,0.06795,25.68805,2.388e-05,638.2,0.8106,4092.828,0.0,0.0,-58.73,93505.486,1.0
176.55,77.722,7.302,799.363,0.184,25.0,40.951,-85.432,1304.25,-2.35745,346.14127,1.152,0.0,0.0,0.0648,25.6328,2.504e-05,667.8,0.8367,4235.83,0.0,0.0,-65.343,97741.316,1.0
177.55,77.421,7.294,821.019,0.184,25.0,41.014,-85.453,1311.47,-2.36916,346.13355,1.137,0.0,0.0,0.0618,25.57671,2.626e-05,698.8,0.8638,4380.555,0.0,0.0,-72.736,102121.871,1.0
178.55,77.119,7.286,843.167,0.184,25.0,41.077,-85.473,1318.682,-2.38102,346.12582,1.122,0.0,0.0,0.05893,25.51976,2.754e-05,731.2,0.892,4526.889,0.0,0.0,-80.944,106648.761,1.0
179.55,76.815,7.277,865.454,0.184,25.0,41.14,-85.494,1325.886,-2.39305,346.11807,1.107,0.0,0.0,0.05618,25.46193,2.889e-05,765.1,0.9214,4674.696,0.0,0.0,-90.038,111323.457,1.0
180.55,76.511,7.269,888.128,0.184,25.0,41.203,-85.514,1333.081,-2.40524,346.11031,1.093,0.0,0.0,0.05356,25.40318,3.03e-05,800.7,0.9521,4823.895,0.0,0.0,-99.942,116147.352,1.0
181.55,76.205,7.259,911.472,0.184,25.0,41.265,-85.535,1340.268,-2.41762,346.10254,1.08,0.0,0.0,0.05106,25.34348,3.179e-05,837.8,0.9841,4974.29,0.0,0.0,-110.834,121121.642,1.0
182.55,75.898,7.25,935.484,0.184,25.0,41.328,-85.555,1347.446,-2.43018,346.09475,1.067,0.0,0.0,0.04867,25.28281,3.335e-05,876.7,1.017,5125.666,0.0,0.0,-122.955,126247.309,1.0
183.55,75.59,7.24,960.162,0.184,25.0,41.39,-85.576,1354.615,-2.44293,346.08695,1.055,0.0,0.0,0.04639,25.22113,3.499e-05,917.4,1.052,5277.853,0.0,0.0,-136.433,131525.162,1.0
184.55,75.281,7.23,985.502,0.184,25.0,41.453,-85.597,1361.774,-2.45588,346.07914,1.043,0.0,0.0,0.04421,25.15839,3.671e-05,959.9,1.089,5430.674,0.0,0.0,-151.409,136955.836,1.0
185.55,74.971,7.22,1011.498,0.184,25.0,41.515,-85.617,1368.923,-2.46903,346.07132,1.032,0.0,0.0,0.04213,25.09456,3.853e-05,1004.0,1.127,5583.946,0.0,0.0,-168.036,142539.782,1.0
186.55,74.659,7.209,1038.142,0.184,25.0,41.577,-85.638,1376.061,-2.48239,346.06349,1.021,0.0,0.0,0.04014,25.0296,4.043e-05,1051.0,1.167,5737.48,0.0,0.0,-186.48,148277.262,1.0
187.55,74.346,7.197,1065.425,0.184,25.0,41.64,-85.658,1383.189,-2.49598,346.05566,1.011,0.0,0.0,0.03825,24.96345,4.244e-05,1100.0,1.209,5891.083,0.0,0.0,-206.918,154168.345,1.0
188.55,74.032,7.186,1093.336,0.184,25.0,41.702,-85.679,1390.305,-2.50979,346.04781,1.002,0.0,0.0,0.03644,24.89607,4.455e-05,1151.0,1.253,6044.554,0.0,0.0,-229.543,160212.898,1.0
189.55,73.717,7.174,1121.863,0.184,25.0,41.764,-85.699,1397.41,-2.52384,346.03996,0.993,0.0,0.0,0.03471,24.82739,4.677e-05,1204.0,1.299,6197.686,0.0,0.0,-254.558,166410.584,1.0
190.55,73.401,7.161,1150.988,0.184,25.0,41.825,-85.72,1404.503,-2.53814,346.0321,0.984,0.0,0.0,0.03306,24.75737,4.91e-05,1259.0,1.348,6350.27,0.0,0.0,-282.183,172760.854,1.0
191.55,73.083,7.148,1180.697,0.184,25.0,41.887,-85.74,1411.584,-2.55269,346.02423,0.976,0.0,0.0,0.03148,24.68594,5.156e-05,1318.0,1.399,6502.088,0.0,0.0,-312.648,179262.942,1.0
192.55,72.764,7.134,1210.968,0.184,25.0,41.949,-85.761,1418.651,-2.56751,346.01636,0.969,0.0,0.0,0.02998,24.61303,5.414e-05,1378.0,1.453,6652.922,0.0,0.0,-346.199,185915.864,1.0
193.55,72.444,7.12,1241.779,0.184,25.0,42.01,-85.782,1425.705,-2.58261,346.00849,0.962,0.0,0.0,0.02855,24.53858,5.686e-05,1442.0,1.509,6802.255,0.0,0.0,-383.092,192718.119,1.0
194.55,72.122,7.105,1273.107,0.184,25.0,42.072,-85.802,1432.745,-2.598,346.00062,0.956,0.0,0.0,0.02718,24.4615,5.972e-05,1508.0,1.568,6950.31,0.0,0.0,-423.594,199668.429,1.0
195.55,71.799,7.09,1304.92,0.184,25.0,42.133,-85.823,1439.77,-2.61369,345.99274,0.95,0.0,0.0,0.02588,24.38081,6.272e-05,1577.0,1.63,7096.017,0.0,0.0,-467.984,206764.446,1.0
196.55,71.476,7.074,1337.188,0.184,25.0,42.194,-85.843,1446.779,-2.62969,345.98487,0.945,0.0,0.0,0.02465,24.29646,6.587e-05,1649.0,1.695,7239.108,0.0,0.0,-516.545,214003.554,1.0
197.55,71.15,7.058,1369.874,0.184,25.0,42.255,-85.864,1453.773,-2.64602,345.977,0.94,0.0,0.0,0.02347,24.20842,6.917e-05,1724.0,1.762,7379.315,0.0,0.0,-569.563,221382.869,1.0
198.55,70.824,7.04,1402.94,0.184,25.0,42.316,-85.884,1460.751,-2.6627,345.96913,0.936,0.0,0.0,0.02235,24.11662,7.263e-05,1801.0,1.833,7516.368,0.0,0.0,-627.327,228899.237,1.0
199.55,70.496,7.022,1436.346,0.184,25.0,42.377,-85.904,1467.711,-2.67973,345.96127,0.932,0.0,0.0,0.02129,24.02103,7.627e-05,1882.0,1.907,7649.999,0.0,0.0,-690.126,236549.235,1.0
200.55,70.167,7.004,1470.05,0.184,25.0,42.437,-85.925,1474.653,-2.69713,345.95341,0.929,0.0,0.0,0.02028,23.92159,8.007e-05,1965.0,1.985,7779.942,0.0,0.0,-758.244,244329.177,1.0
201.55,69.837,6.984,1504.004,0.184,25.0,42.497,-85.945,1481.576,-2.71492,345.94556,0.926,0.0,0.0,0.01931,23.81825,8.406e-05,2052.0,2.066,7905.933,0.0,0.0,-831.955,252235.111,1.0
202.55,69.506,6.964,1538.161,0.184,25.0,42.558,-85.966,1488.48,-2.73312,345.93772,0.923,0.0,0.0,0.0184,23.71096,8.824e-05,2141.0,2.15,8027.712,0.0,0.0,-911.523,260262.822,1.0
203.55,69.173,6.943,1572.469,0.184,25.0,42.618,-85.986,1495.363,-2.75174,345.9299,0.921,0.0,0.0,0.01753,23.59967,9.262e-05,2234.0,2.238,8145.02,0.0,0.0,-997.191,268407.842,1.0
204.55,68.839,6.921,1606.877,0.184,25.0,42.677,-86.006,1502.226,-2.77081,345.92209,0.919,0.0,0.0,0.0167,23.48433,9.721e-05,2330.0,2.329,8257.604,0.0,0.0,-1089.182,276665.446,1.0
205.55,68.504,6.898,1641.328,0.184,25.0,42.737,-86.027,1509.066,-2.79034,345.91429,0.918,0.0,0.0,0.01592,23.36489,0.000102,2429.0,2.424,8365.215,0.0,0.0,-1187.687,285030.661,1.0
206.55,68.168,6.874,1675.765,0.184,25.0,42.796,-86.047,1515.883,-2.81035,345.90652,0.917,0.0,0.0,0.01517,23.24132,0.000107,2531.0,2.523,8467.612,0.0,0.0,-1292.865,293498.273,1.0
207.55,67.83,6.849,1710.131,0.184,25.0,42.856,-86.067,1522.676,-2.83087,345.89876,0.916,0.0,0.0,0.01446,23.11356,0.0001123,2636.0,2.625,8564.556,0.0,0.0,-1404.833,302062.829,1.0
208.55,67.491,6.823,1744.364,0.184,25.0,42.915,-86.087,1529.444,-2.85192,345.89103,0.915,0.0,0.0,0.01378,22.98157,0.0001178,2745.0,2.731,8655.819,0.0,0.0,-1523.665,310718.648,1.0
209.55,67.151,6.796,1778.404,0.184,25.0,42.973,-86.107,1536.186,-2.87352,345.88332,0.914,0.0,0.0,0.01314,22.84532,0.0001236,2857.0,2.84,8741.178,0.0,0.0,-1649.38,319459.826,1.0
210.55,66.81,6.768,1812.188,0.184,25.0,43.032,-86.127,1542.901,-2.8957,345.87564,0.914,0.0,0.0,0.01253,22.70478,0.0001296,2972.0,2.953,8820.421,0.0,0.0,-1781.943,328280.247,1.0
211.55,66.467,6.739,1845.653,0.184,25.0,43.09,-86.147,1549.588,-2.91848,345.86799,0.913,0.0,0.0,0.01195,22.55992,0.0001359,3090.0,3.069,8893.344,0.0,0.0,-1921.254,337173.591,1.0
212.55,66.123,6.708,1878.736,0.184,25.0,43.148,-86.167,1556.246,-2.94189,345.86038,0.913,0.0,0.0,0.01139,22.41071,0.0001425,3211.0,3.189,8959.753,0.0,0.0,-2067.15,346133.344,1.0
213.55,65.779,6.677,1911.376,0.184,25.0,43.206,-86.187,1562.873,-2.96596,345.8528,0.913,0.0,0.0,0.01087,22.25715,0.0001494,3335.0,3.312,9019.466,0.0,0.0,-2219.399,355152.81,1.0
214.55,65.433,6.644,1943.509,0.184,25.0,43.263,-86.207,1569.468,-2.99072,345.84525,0.913,0.0,0.0,0.01037,22.09923,0.0001567,3462.0,3.438,9072.313,0.0,0.0,-2377.696,364225.123,1.0
215.55,65.085,6.61,1975.075,0.184,25.0,43.32,-86.227,1576.031,-3.0162,345.83776,0.913,0.0,0.0,0.00989,21.93694,0.0001642,3592.0,3.567,9118.137,0.0,0.0,-2541.664,373343.26,1.0
216.55,64.737,6.575,2006.015,0.184,25.0,43.377,-86.246,1582.559,-3.04242,345.8303,0.913,0.0,0.0,0.00944,21.77029,0.0001721,3725.0,3.699,9156.735,0.0,0.0,-2710.856,382499.995,1.0
217.55,64.387,6.538,2036.268,0.184,25.0,43.434,-86.266,1589.052,-3.06943,345.82289,0.913,0.0,0.0,0.00901,21.59931,0.0001804,3860.0,3.834,9187.796,0.0,0.0,-2884.75,391687.792,1.0
218.55,64.037,6.5,2065.779,0.184,25.0,43.49,-86.286,1595.508,-3.09725,345.81554,0.913,0.0,0.0,0.00859,21.42401,0.000189,3998.0,3.97,9211.01,0.0,0.0,-3062.752,400898.802,1.0
219.55,63.685,6.461,2094.491,0.184,25.0,43.546,-86.305,1601.926,-3.12593,345.80824,0.913,0.0,0.0,0.0082,21.24442,0.000198,4138.0,4.11,9226.078,0.0,0.0,-3244.198,410124.88,1.0
220.55,63.332,6.42,2122.351,0.184,25.0,43.602,-86.324,1608.305,-3.15549,345.801,0.913,0.0,0.0,0.00783,21.06057,0.0002074,4281.0,4.251,9232.722,0.0,0.0,-3428.358,419357.602,1.0
221.55,62.978,6.378,2149.309,0.184,25.0,43.657,-86.344,1614.642,-3.18598,345.79382,0.913,0.0,0.0,0.00748,20.87251,0.0002172,4426.0,4.395,9230.68,0.0,0.0,-3614.44,428588.282,1.0
222.55,62.623,6.335,2175.315,0.184,25.0,43.712,-86.363,1620.938,-3.21743,345.7867,0.913,0.0,0.0,0.00714,20.68029,0.0002275,4572.0,4.54,9219.714,0.0,0.0,-3801.605,437807.996,1.0
223.55,62.267,6.29,2200.323,0.184,25.0,43.766,-86.382,1627.19,-3.24989,345.77965,0.913,0.0,0.0,0.00682,20.48384,0.0002382,4720.0,4.687,9199.074,0.0,0.0,-3988.966,447007.07,1.0
224.55,61.91,6.244,2224.289,0.184,25.0,43.82,-86.401,1633.396,-3.28339,345.77268,0.913,0.0,0.0,0.00652,20.28326,0.0002493,4868.0,4.834,9168.674,0.0,0.0,-4175.585,456175.744,1.0
225.55,61.552,6.196,2247.176,0.184,25.0,43.874,-86.419,1639.557,-3.31798,345.76578,0.913,0.0,0.0,0.00623,20.07874,0.0002609,5018.0,4.983,9128.852,0.0,0.0,-4360.502,465304.596,1.0
226.55,61.193,6.147,2268.952,0.184,25.0,43.927,-86.438,1645.669,-3.3537,345.75896,0.913,0.0,0.0,0.00595,19.87037,0.0002731,5169.0,5.132,9079.487,0.0,0.0,-4542.766,474384.082,1.0
227.55,60.833,6.096,2289.587,0.184,25.0,43.98,-86.457,1651.732,-3.3906,345.75223,0.913,0.0,0.0,0.00568,19.65823,0.0002857,5320.0,5.283,9020.492,0.0,0.0,-4721.423,483404.574,1.0
228.55,60.472,6.044,2309.056,0.184,25.0,44.032,-86.475,1657.744,-3.42873,345.74558,0.913,0.0,0.0,0.00543,19.44241,0.000299,5472.0,5.433,8951.813,0.0,0.0,-4895.536,492356.387,1.0
229.55,60.11,5.99,2327.34,0.184,25.0,44.084,-86.493,1663.703,-3.46813,345.73903,0.913,0.0,0.0,0.00519,19.22301,0.0003128,5624.0,5.584,8873.429,0.0,0.0,-5064.189,501229.816,1.0
230.55,59.747,5.935,2344.422,0.184,25.0,44.136,-86.511,1669.609,-3.50885,345.73257,0.913,0.0,0.0,0.00496,19.00016,0.0003272,5776.0,5.735,8785.358,0.0,0.0,-5226.504,510015.174,1.0
231.55,59.383,5.878,2360.29,0.184,25.0,44.186,-86.529,1675.46,-3.55095,345.72621,0.913,0.0,0.0,0.00475,18.77395,0.0003423,5928.0,5.885,8687.653,0.0,0.0,-5381.646,518702.827,1.0
232.55,59.019,5.82,2374.938,0.184,25.0,44.237,-86.547,1681.254,-3.59448,345.71995,0.913,0.0,0.0,0.00454,18.54451,0.000358,6079.0,6.035,8580.41,0.0,0.0,-5528.836,527283.238,1.0
233.55,58.654,5.761,2388.36,0.184,25.0,44.287,-86.565,1686.989,-3.63949,345.7138,0.913,0.0,0.0,0.00434,18.31198,0.0003744,6230.0,6.184,8463.762,0.0,0.0,-5667.359,535747.0,1.0
234.55,58.287,5.7,2400.558,0.184,25.0,44.336,-86.583,1692.665,-3.68604,345.70777,0.913,0.0,0.0,0.00415,18.07648,0.0003916,6379.0,6.332,8337.881,0.0,0.0,-5796.569,544084.881,1.0
235.55,57.921,5.638,2411.536,0.184,25.0,44.385,-86.6,1698.28,-3.73419,345.70185,0.913,0.0,0.0,0.00397,17.83816,0.0004095,6526.0,6.478,8202.981,0.0,0.0,-5915.897,552287.862,1.0
236.55,57.553,5.574,2421.301,0.184,25.0,44.434,-86.617,1703.832,-3.784,345.69604,0.913,0.0,0.0,0.00379,17.59716,0.0004282,6672.0,6.622,8059.314,0.0,0.0,-6024.855,560347.176,1.0
237.55,57.185,5.509,2429.864,0.184,25.0,44.481,-86.634,1709.321,-3.83554,345.69037,0.913,0.0,0.0,0.00363,17.35363,0.0004478,6815.0,6.764,7907.17,0.0,0.0,-6123.036,568254.345,1.0
238.55,56.816,5.442,2437.241,0.184,25.0,44.529,-86.651,1714.744,-3.88886,345.68481,0.913,0.0,0.0,0.00347,17.10774,0.0004683,6956.0,6.904,7746.878,0.0,0.0,-6210.12,576001.223,1.0
239.55,56.447,5.374,2443.446,0.184,25.0,44.575,-86.668,1720.1,-3.94403,345.67939,0.913,0.0,0.0,0.00332,16.85964,0.0004897,7094.0,7.041,7578.803,0.0,0.0,-6285.871,583580.027,1.0
240.55,56.077,5.305,2448.502,0.184,25.0,44.621,-86.684,1725.389,-4.00113,345.67411,0.913,0.0,0.0,0.00317,16.6095,0.000512,7229.0,7.174,7403.346,0.0,0.0,-6350.138,590983.373,1.0
241.55,55.706,5.235,2452.428,0.184,25.0,44.667,-86.7,1730.608,-4.06022,345.66897,0.913,0.0,0.0,0.00303,16.35747,0.0005355,7361.0,7.305,7220.939,0.0,0.0,-6402.853,598204.312,1.0
242.55,55.336,5.163,2455.251,0.184,25.0,44.711,-86.716,1735.757,-4.12138,345.66396,0.912,0.0,0.0,0.0029,16.10374,0.00056,7489.0,7.432,7032.044,0.0,0.0,-6444.025,605236.356,1.0
243.55,54.964,5.09,2456.995,0.184,25.0,44.756,-86.732,1740.834,-4.18468,345.65911,0.912,0.0,0.0,0.00277,15.84846,0.0005856,7613.0,7.554,6837.154,0.0,0.0,-6473.741,612073.51,1.0
244.55,54.593,5.016,2457.689,0.184,25.0,44.799,-86.748,1745.838,-4.2502,345.6544,0.912,0.0,0.0,0.00265,15.59181,0.0006125,7733.0,7.673,6636.781,0.0,0.0,-6492.158,618710.291,1.0
245.55,54.221,4.941,2457.363,0.184,25.0,44.842,-86.763,1750.767,-4.31803,345.64985,0.912,0.0,0.0,0.00254,15.3339,0.0006406,7848.0,7.787,6431.444,0.0,0.0,-6499.498,625141.735,1.0
246.55,53.849,4.864,2456.046,0.184,25.0,44.884,-86.778,1755.622,-4.38824,345.64546,0.912,0.0,0.0,0.00242,15.07484,0.0006701,7959.0,7.896,6221.679,0.0,0.0,-6496.043,631363.415,1.0
247.55,53.477,4.787,2453.77,0.184,25.0,44.926,-86.793,1760.4,-4.46094,345.64123,0.912,0.0,0.0,0.00232,14.81475,0.0007009,8064.0,8.0,6008.053,0.0,0.0,-6482.129,637371.468,1.0
248.55,53.104,4.709,2450.569,0.184,25.0,44.967,-86.808,1765.101,-4.5362,345.63716,0.912,0.0,0.0,0.00222,14.55378,0.0007333,8163.0,8.098,5791.164,0.0,0.0,-6458.14,643162.632,1.0
249.55,52.732,4.629,2446.475,0.184,25.0,45.007,-86.823,1769.724,-4.61412,345.63326,0.912,0.0,0.0,0.00212,14.29205,0.0007672,8257.0,8.189,5571.603,0.0,0.0,-6424.503,648734.235,1.0
250.55,52.359,4.549,2441.523,0.184,25.0,45.047,-86.837,1774.268,-4.6948,345.62954,0.912,0.0,0.0,0.00202,14.02969,0.0008028,8344.0,8.275,5349.976,0.0,0.0,-6381.68,654084.211,1.0
251.55,51.987,4.469,2435.747,0.184,25.0,45.086,-86.851,1778.731,-4.77834,345.62598,0.912,0.0,0.0,0.00193,13.76683,0.0008401,8425.0,8.355,5126.893,0.0,0.0,-6330.167,659211.104,1.0
252.55,51.615,4.387,2429.184,0.184,25.0,45.124,-86.865,1783.114,-4.86484,345.6226,0.912,0.0,0.0,0.00185,13.50363,0.0008792,8500.0,8.427,4902.974,0.0,0.0,-6270.482,664114.078,1.0
253.55,51.243,4.305,2421.867,0.184,25.0,45.161,-86.878,1787.416,-4.95442,345.6194,0.912,0.0,0.0,0.00177,13.24022,0.0009202,8567.0,8.493,4678.834,0.0,0.0,-6203.164,668792.911,1.0
254.55,50.871,4.222,2413.834,0.184,25.0,45.198,-86.892,1791.635,-5.04718,345.61638,0.911,0.0,0.0,0.00169,12.97675,0.0009632,8627.0,8.551,4455.089,0.0,0.0,-6128.766,673248.0,1.0
255.55,50.5,4.139,2405.119,0.184,25.0,45.234,-86.905,1795.772,-5.14326,345.61355,0.911,0.0,0.0,0.00161,12.71338,0.001008,8679.0,8.602,4232.345,0.0,0.0,-6047.853,677480.345,1.0
256.55,50.129,4.055,2395.761,0.184,25.0,45.269,-86.918,1799.826,-5.24276,345.6109,0.911,0.0,0.0,0.00154,12.45026,0.001056,8724.0,8.645,4011.2,0.0,0.0,-5960.991,681491.546,1.0
257.55,49.759,3.971,2385.794,0.184,25.0,45.304,-86.93,1803.796,-5.34581,345.60844,0.911,0.0,0.0,0.00147,12.18756,0.001105,8760.0,8.68,3792.235,0.0,0.0,-5868.75,685283.781,1.0
258.55,49.39,3.886,2375.255,0.184,25.0,45.337,-86.943,1807.683,-5.45256,345.60618,0.911,0.0,0.0,0.0014,11.92542,0.001157,8789.0,8.707,3576.012,0.0,0.0,-5771.696,688859.793,1.0
259.55,49.021,3.802,2364.18,0.184,25.0,45.371,-86.955,1811.485,-5.56313,345.6041,0.911,0.0,0.0,0.00134,11.66402,0.001212,8809.0,8.726,3363.072,0.0,0.0,-5670.386,692222.864,1.0
260.55,48.652,3.717,2352.605,0.184,25.0,45.403,-86.966,1815.203,-5.67767,345.60222,0.911,0.0,0.0,0.00128,11.40353,0.00127,8821.0,8.737,3153.929,0.0,0.0,-5565.369,695376.794,1.0
261.55,48.285,3.632,2340.567,0.184,25.0,45.435,-86.978,1818.837,-5.79634,345.60053,0.911,0.0,0.0,0.00122,11.1441,0.00133,8825.0,8.74,2949.069,0.0,0.0,-5457.179,698325.863,1.0
262.55,47.919,3.548,2328.1,0.184,25.0,45.465,-86.989,1822.387,-5.91929,345.59903,0.911,0.0,0.0,0.00117,10.88591,0.001393,8819.0,8.734,2748.947,0.0,0.0,-5346.333,701074.809,1.0
263.55,47.553,3.463,2315.239,0.184,25.0,45.496,-87.0,1825.852,-6.04668,345.59774,0.91,0.0,0.0,0.00111,10.62913,0.00146,8806.0,8.719,2553.98,0.0,0.0,-5233.331,703628.789,1.0
264.55,47.189,3.379,2302.02,0.184,25.0,45.525,-87.011,1829.233,-6.17868,345.59664,0.91,0.0,0.0,0.00106,10.37393,0.001529,8784.0,8.696,2364.553,0.0,0.0,-5118.649,705993.342,1.0
265.55,46.826,3.295,2288.476,0.184,25.0,45.554,-87.021,1832.53,-6.31547,345.59574,0.91,0.0,0.0,0.00101,10.12048,0.001602,8753.0,8.665,2181.009,0.0,0.0,-5002.743,708174.351,1.0
266.55,46.464,3.211,2274.641,0.184,25.0,45.582,-87.032,1835.744,-6.45724,345.59504,0.91,0.0,0.0,0.00097,9.86895,0.001679,8714.0,8.623,2003.668,0.0,0.0,-4886.043,710178.019,1.0
267.55,46.104,3.128,2260.548,0.184,25.0,45.609,-87.042,1838.874,-6.60418,345.59454,0.909,0.0,0.0,0.00092,9.61962,0.00176,8667.0,8.571,1832.872,0.0,0.0,-4768.956,712010.891,1.0
268.55,45.745,3.045,2246.23,0.184,25.0,45.635,-87.051,1841.922,-6.75648,345.59423,0.909,0.0,0.0,0.00088,9.37266,0.001845,8612.0,8.511,1668.838,0.0,0.0,-4651.863,713679.729,1.0
269.55,45.387,2.963,2231.718,0.184,25.0,45.661,-87.061,1844.888,-6.91437,345.59412,0.908,0.0,0.0,0.00084,9.12821,0.001934,8549.0,8.443,1511.721,0.0,0.0,-4535.12,715191.45,1.0
270.55,45.031,2.882,2217.043,0.184,25.0,45.686,-87.07,1847.773,-7.07805,345.59422,0.908,0.0,0.0,0.0008,8.88643,0.002027,8478.0,8.369,1361.64,0.0,0.0,-4419.054,716553.089,1.0
271.55,44.677,2.802,2202.234,0.184,25.0,45.711,-87.079,1850.577,-7.24775,345.59451,0.907,0.0,0.0,0.00076,8.64745,0.002125,8400.0,8.287,1218.671,0.0,0.0,-4303.961,717771.76,1.0
272.55,44.325,2.722,2187.32,0.184,25.0,45.734,-87.088,1853.301,-7.42372,345.59499,0.907,0.0,0.0,0.00073,8.4114,0.002227,8315.0,8.198,1082.852,0.0,0.0,-4190.113,718854.612,1.0
273.55,43.974,2.644,2172.327,0.184,25.0,45.757,-87.096,1855.946,-7.60619,345.59567,0.906,0.0,0.0,0.0007,8.17838,0.002335,8222.0,8.102,954.182,0.0,0.0,-4077.753,719808.794,1.0
274.55,43.625,2.566,2157.282,0.184,25.0,45.78,-87.104,1858.513,-7.79543,345.59655,0.906,0.0,0.0,0.00066,7.94851,0.002448,8123.0,8.0,832.63,0.0,0.0,-3967.095,720641.424,1.0
275.55,43.278,2.49,2142.209,0.184,25.0,45.802,-87.112,1861.004,-7.99171,345.59761,0.905,0.0,0.0,0.00063,7.72187,0.002567,8018.0,7.891,718.132,0.0,0.0,-3858.331,721359.557,1.0
276.55,42.932,2.415,2127.133,0.184,25.0,45.823,-87.12,1863.418,-8.1953,345.59887,0.905,0.0,0.0,0.0006,7.4986,0.002691,7906.0,7.777,610.594,0.0,0.0,-3751.626,721970.151,1.0
277.55,42.589,2.34,2112.075,0.184,25.0,45.843,-87.127,1865.758,-8.40651,345.60033,0.904,0.0,0.0,0.00058,7.2788,0.002822,7789.0,7.657,509.894,0.0,0.0,-3647.123,722480.045,1.0
278.55,42.248,2.268,2097.056,0.184,25.0,45.863,-87.135,1868.025,-8.62564,345.60196,0.904,0.0,0.0,0.00055,7.06256,0.002958,7665.0,7.532,415.882,0.0,0.0,-3544.94,722895.928,1.0
279.55,41.909,2.196,2082.095,0.184,25.0,45.882,-87.142,1870.219,-8.853,345.60379,0.903,0.0,0.0,0.00052,6.85001,0.003101,7537.0,7.402,328.386,0.0,0.0,-3445.178,723224.314,1.0
280.55,41.572,2.126,2067.212,0.184,25.0,45.9,-87.148,1872.342,-9.08894,345.6058,0.903,0.0,0.0,0.0005,6.64122,0.003251,7404.0,7.267,247.211,0.0,0.0,-3347.915,723471.525,1.0
281.55,41.237,2.057,2052.424,0.184,25.0,45.918,-87.155,1874.396,-9.33378,345.608,0.902,0.0,0.0,0.00048,6.43631,0.003407,7267.0,7.129,172.143,0.0,0.0,-3253.212,723643.668,1.0
282.55,40.905,1.989,2037.745,0.184,25.0,45.935,-87.161,1876.381,-9.5879,345.61037,0.902,0.0,0.0,0.00045,6.23536,0.003571,7125.0,6.986,102.949,0.0,0.0,-3161.113,723746.617,1.0
283.55,40.575,1.923,2023.191,0.184,25.0,45.952,-87.167,1878.299,-9.85166,345.61293,0.901,0.0,0.0,0.00043,6.03846,0.003742,6980.0,6.841,39.386,0.0,0.0,-3071.646,723786.003,1.0
284.55,40.247,1.859,2008.864,0.184,25.0,45.968,-87.173,1880.153,-10.12544,345.61566,0.901,0.0,0.0,0.00041,5.84567,0.003921,6833.0,6.693,0.0,0.0,0.0,-2984.826,723786.003,1.0
285.55,39.921,1.796,1994.939,0.184,25.0,45.984,-87.179,1881.942,-10.40966,345.61857,0.9,0.0,0.0,0.0004,5.65706,0.004108,6682.0,6.542,0.0,0.0,0.0,-2901.175,723786.003,1.0
286.55,39.598,1.734,1981.395,0.184,25.0,45.999,-87.185,1883.668,-10.70472,345.62165,0.9,0.0,0.0,0.00038,5.47271,0.004303,6530.0,6.39,0.0,0.0,0.0,-2821.565,723786.003,1.0
287.55,39.277,1.675,1968.216,0.184,25.0,46.013,-87.19,1885.334,-11.01104,345.6249,0.899,0.0,0.0,0.00036,5.29265,0.004507,6375.0,6.236,0.0,0.0,0.0,-2745.722,723786.003,1.0
288.55,38.958,1.616,1955.384,0.184,25.0,46.027,-87.195,1886.94,-11.32907,345.62832,0.899,0.0,0.0,0.00034,5.11694,0.00472,6220.0,6.082,0.0,0.0,0.0,-2673.396,723786.003,1.0
289.55,38.642,1.559,1942.884,0.184,25.0,46.041,-87.2,1888.489,-11.65927,345.63191,0.899,0.0,0.0,0.00033,4.94561,0.004942,6064.0,5.927,0.0,0.0,0.0,-2604.357,723786.003,1.0
290.55,38.328,1.504,1930.7,0.184,25.0,46.054,-87.205,1889.981,-12.0021,345.63566,0.899,0.0,0.0,0.00031,4.77861,0.005174,5907.0,5.774,0.0,0.0,0.0,-2538.395,723786.003,1.0
291.55,38.016,1.451,1918.819,0.184,25.0,46.066,-87.209,1891.418,-12.35805,345.63957,0.899,0.0,0.0,0.0003,4.61597,0.005415,5750.0,5.62,0.0,0.0,0.0,-2475.318,723786.003,1.0
292.55,37.707,1.399,1907.227,0.184,25.0,46.078,-87.214,1892.802,-12.72762,345.64364,0.899,0.0,0.0,0.00029,4.45771,0.005667,5593.0,5.467,0.0,0.0,0.0,-2414.948,723786.003,1.0
293.55,37.4,1.348,1895.913,0.184,25.0,46.09,-87.218,1894.134,-13.11133,345.64788,0.899,0.0,0.0,0.00027,4.30382,0.005929,5437.0,5.315,0.0,0.0,0.0,-2357.12,723786.003,1.0
294.55,37.095,1.299,1884.866,0.184,25.0,46.101,-87.222,1895.416,-13.50969,345.65226,0.899,0.0,0.0,0.00026,4.15431,0.006202,5282.0,5.163,0.0,0.0,0.0,-2301.685,723786.003,1.0
295.55,36.793,1.252,1874.073,0.184,25.0,46.112,-87.226,1896.65,-13.92324,345.65681,0.899,0.0,0.0,0.00025,4.00917,0.006487,5128.0,5.013,0.0,0.0,0.0,-2248.503,723786.003,1.0
296.55,36.493,1.206,1863.526,0.184,25.0,46.122,-87.23,1897.836,-14.35252,345.6615,0.899,0.0,0.0,0.00024,3.86838,0.006782,4977.0,4.864,0.0,0.0,0.0,-2197.445,723786.003,1.0
297.55,36.195,1.161,1853.214,0.184,25.0,46.132,-87.234,1898.976,-14.79809,345.66635,0.899,0.0,0.0,0.00023,3.73192,0.00709,4827.0,4.718,0.0,0.0,0.0,-2148.392,723786.003,1.0
298.55,35.9,1.119,1843.128,0.184,25.0,46.142,-87.237,1900.072,-15.2605,345.67135,0.899,0.0,0.0,0.00022,3.59974,0.00741,4679.0,4.574,0.0,0.0,0.0,-2101.232,723786.003,1.0
299.55,35.606,1.077,1833.26,0.184,25.0,46.151,-87.241,1901.126,-15.74031,345.6765,0.899,0.0,0.0,0.00021,3.4718,0.007743,4534.0,4.432,0.0,0.0,0.0,-2055.862,723786.003,1.0
300.55,35.315,1.037,1823.602,0.184,25.0,46.16,-87.244,1902.137,-16.23809,345.68179,0.899,0.0,0.0,0.0002,3.34807,0.008088,4392.0,4.293,0.0,0.0,0.0,-2012.187,723786.003,1.0
301.55,35.026,0.999,1814.146,0.184,25.0,46.168,-87.247,1903.109,-16.75439,345.68724,0.899,0.0,0.0,0.00019,3.22847,0.008447,4253.0,4.157,0.0,0.0,0.0,-1970.118,723786.003,1.0
302.55,34.74,0.962,1804.884,0.184,25.0,46.176,-87.25,1904.042,-17.2898,345.69282,0.899,0.0,0.0,0.00018,3.11296,0.00882,4117.0,4.024,0.0,0.0,0.0,-1929.57,723786.003,1.0
303.55,34.455,0.926,1795.81,0.184,25.0,46.184,-87.253,1904.938,-17.84485,345.69856,0.899,0.0,0.0,0.00018,3.00145,0.009207,3984.0,3.894,0.0,0.0,0.0,-1890.467,723786.003,1.0
304.55,34.172,0.891,1786.917,0.184,25.0,46.191,-87.255,1905.798,-18.4201,345.70443,0.899,0.0,0.0,0.00017,2.89389,0.009609,3855.0,3.768,0.0,0.0,0.0,-1852.736,723786.003,1.0
305.55,33.891,0.858,1778.199,0.184,25.0,46.199,-87.258,1906.623,-19.01609,345.71045,0.899,0.0,0.0,0.00016,2.7902,0.01003,3729.0,3.645,0.0,0.0,0.0,-1816.309,723786.003,1.0
306.55,33.613,0.827,1769.65,0.184,25.0,46.205,-87.261,1907.415,-19.63334,345.71662,0.899,0.0,0.0,0.00016,2.69029,0.01046,3607.0,3.526,0.0,0.0,0.0,-1781.122,723786.003,1.0
307.55,33.336,0.796,1761.264,0.184,25.0,46.212,-87.263,1908.175,-20.27234,345.72293,0.899,0.0,0.0,0.00015,2.59409,0.01091,3488.0,3.41,0.0,0.0,0.0,-1747.115,723786.003,1.0
308.55,33.061,0.767,1753.036,0.184,25.0,46.218,-87.265,1908.903,-20.93357,345.72938,0.899,0.0,0.0,0.00014,2.50151,0.01137,3374.0,3.298,0.0,0.0,0.0,-1714.233,723786.003,1.0
309.55,32.788,0.739,1744.961,0.184,25.0,46.225,-87.268,1909.602,-21.61748,345.73598,0.899,0.0,0.0,0.00014,2.41247,0.01185,3263.0,3.19,0.0,0.0,0.0,-1682.424,723786.003,1.0
310.55,32.517,0.712,1737.033,0.184,25.0,46.23,-87.27,1910.271,-22.32448,345.74273,0.899,0.0,0.0,0.00013,2.32687,0.01235,3157.0,3.085,0.0,0.0,0.0,-1651.637,723786.003,1.0
311.55,32.248,0.686,1729.249,0.184,25.0,46.236,-87.272,1910.913,-23.05493,345.74962,0.899,0.0,0.0,0.00013,2.24466,0.01287,3054.0,2.985,0.0,0.0,0.0,-1621.826,723786.003,1.0
312.55,31.98,0.661,1721.603,0.184,25.0,46.241,-87.274,1911.529,-23.80917,345.75666,0.899,0.0,0.0,0.00012,2.16577,0.01341,2955.0,2.888,0.0,0.0,0.0,-1592.948,723786.003,1.0
313.55,31.714,0.637,1714.091,0.184,25.0,46.246,-87.276,1912.118,-24.58746,345.76384,0.899,0.0,0.0,0.00012,2.09011,0.01397,2860.0,2.795,0.0,0.0,0.0,-1564.961,723786.003,1.0
314.55,31.45,0.614,1706.71,0.184,25.0,46.251,-87.277,1912.683,-25.39002,345.77118,0.899,0.0,0.0,0.00011,2.01758,0.01454,2769.0,2.707,0.0,0.0,0.0,-1537.827,723786.003,1.0
315.55,31.187,0.592,1699.455,0.184,25.0,46.256,-87.279,1913.225,-26.217,345.77867,0.899,0.0,0.0,0.00011,1.94808,0.01514,2682.0,2.621,0.0,0.0,0.0,-1511.508,723786.003,1.0
316.55,30.926,0.572,1692.322,0.184,25.0,46.261,-87.281,1913.743,-27.06848,345.78632,0.899,0.0,0.0,0.0001,1.88151,0.01576,2599.0,2.54,0.0,0.0,0.0,-1485.971,723786.003,1.0
317.55,30.667,0.552,1685.309,0.184,25.0,46.265,-87.282,1914.239,-27.94447,345.79412,0.899,0.0,0.0,0.0001,1.81777,0.01641,2519.0,2.462,0.0,0.0,0.0,-1461.181,723786.003,1.0
318.55,30.409,0.533,1678.411,0.184,25.0,46.269,-87.284,1914.714,-28.8449,345.80208,0.899,0.0,0.0,0.0001,1.75677,0.01708,2443.0,2.388,0.0,0.0,0.0,-1437.109,723786.003,1.0
319.55,30.153,0.514,1671.625,0.184,25.0,46.273,-87.285,1915.169,-29.76959,345.81021,0.899,0.0,0.0,9e-05,1.69841,0.01777,2371.0,2.318,0.0,0.0,0.0,-1413.725,723786.003,1.0
320.55,29.898,0.497,1664.949,0.184,25.0,46.277,-87.287,1915.605,-30.71828,345.8185,0.899,0.0,0.0,9e-05,1.64259,0.01849,2303.0,2.251,0.0,0.0,0.0,-1391.001,723786.003,1.0
321.55,29.645,0.48,1658.378,0.184,25.0,46.28,-87.288,1916.021,-31.69061,345.82696,0.899,0.0,0.0,8e-05,1.58922,0.01923,2237.0,2.187,0.0,0.0,0.0,-1368.911,723786.003,1.0
322.55,29.394,0.464,1651.91,0.184,25.0,46.284,-87.289,1916.42,-32.68611,345.8356,0.899,0.0,0.0,8e-05,1.53822,0.02,2175.0,2.126,0.0,0.0,0.0,-1347.429,723786.003,1.0
323.55,29.144,0.449,1645.543,0.184,25.0,46.287,-87.291,1916.8,-33.70421,345.84442,0.899,0.0,0.0,8e-05,1.48948,0.0208,2117.0,2.069,0.0,0.0,0.0,-1326.532,723786.003,1.0
324.55,28.895,0.435,1639.274,0.184,25.0,46.29,-87.292,1917.165,-34.7442,345.85342,0.899,0.0,0.0,8e-05,1.44294,0.02163,2061.0,2.014,0.0,0.0,0.0,-1306.198,723786.003,1.0
325.55,28.648,0.421,1633.099,0.184,25.0,46.293,-87.293,1917.513,-35.80529,345.8626,0.899,0.0,0.0,7e-05,1.39849,0.02249,2008.0,1.963,0.0,0.0,0.0,-1286.405,723786.003,1.0
326.55,28.403,0.408,1627.017,0.184,25.0,46.296,-87.294,1917.846,-36.88654,345.87199,0.899,0.0,0.0,7e-05,1.35606,0.02338,1959.0,1.915,0.0,0.0,0.0,-1267.133,723786.003,1.0
327.55,28.159,0.395,1621.025,0.184,25.0,46.299,-87.295,1918.163,-37.9869,345.88157,0.899,0.0,0.0,7e-05,1.31556,0.0243,1912.0,1.869,0.0,0.0,0.0,-1248.361,723786.003,1.0
328.55,27.916,0.383,1615.196,0.184,25.0,46.302,-87.296,1918.467,-39.10522,345.89136,0.899,0.0,0.0,6e-05,1.27691,0.02525,1868.0,1.826,15.7,0.0,0.0,-1230.073,723801.703,1.0
329.55,27.675,0.372,1609.446,0.184,25.0,46.304,-87.297,1918.756,-40.24021,345.90137,0.899,0.0,0.0,6e-05,1.24004,0.02624,1826.0,1.785,14.542,0.0,0.0,-1212.476,723816.245,1.0
330.55,27.436,0.361,1603.774,0.184,25.0,46.307,-87.298,1919.033,-41.39049,345.9116,0.899,0.0,0.0,6e-05,1.20487,0.02726,1787.0,1.747,13.491,0.0,0.0,-1195.303,723829.736,1.0
331.55,27.198,0.35,1598.177,0.184,25.0,46.309,-87.298,1919.296,-42.55456,345.92205,0.899,0.0,0.0,6e-05,1.17131,0.02832,1751.0,1.711,12.536,0.0,0.0,-1178.54,723842.273,1.0
332.55,26.962,0.34,1592.655,0.184,25.0,46.311,-87.299,1919.547,-43.73083,345.93275,0.899,0.0,0.0,6e-05,1.13931,0.02941,1717.0,1.678,11.668,0.0,0.0,-1162.175,723853.94,1.0
333.55,26.728,0.331,1587.206,0.184,25.0,46.313,-87.3,1919.787,-44.91762,345.94369,0.899,0.0,0.0,5e-05,1.10877,0.03054,1685.0,1.647,10.877,0.0,0.0,-1146.195,723864.817,1.0
334.55,26.495,0.322,1581.828,0.184,25.0,46.315,-87.301,1920.015,-46.11318,345.9549,0.899,0.0,0.0,5e-05,1.07965,0.03171,1655.0,1.617,10.156,0.0,0.0,-1130.589,723874.974,1.0
335.55,26.263,0.313,1576.52,0.184,25.0,46.317,-87.301,1920.232,-47.31566,345.96637,0.899,0.0,0.0,5e-05,1.05186,0.03292,1627.0,1.59,9.499,0.0,0.0,-1115.343,723884.472,1.0
336.55,26.034,0.305,1571.28,0.184,25.0,46.319,-87.302,1920.439,-48.52319,345.97811,0.899,0.0,0.0,5e-05,1.02534,0.03417,1601.0,1.565,8.898,0.0,0.0,-1100.448,723893.37,1.0
336.75,25.988,0.304,1570.246,0.184,25.0,46.319,-87.302,1920.479,-48.76514,345.9805,0.899,0.0,0.0,5e-05,1.01763,0.03455,1594.0,1.558,8.728,0.0,0.0,-1085.892,723895.116,1.0
336.93,25.947,0.302,1569.318,0.184,25.0,46.32,-87.302,1920.515,-48.98298,345.98266,0.899,0.0,0.0,5e-05,1.01298,0.03478,1589.0,1.553,8.627,0.0,0.0,-1083.037,723896.669,1.0
337.092,25.91,0.301,1568.485,0.184,25.0,46.32,-87.302,1920.546,-49.1791,345.9846,0.899,0.0,0.0,5e-05,1.00884,0.03499,1585.0,1.549,8.537,0.0,0.0,-1080.478,723898.052,1.0
337.289,25.866,0.299,1567.475,0.184,25.0,46.32,-87.302,1920.585,-49.4172,345.98698,0.899,0.0,0.0,5e-05,1.00403,0.03524,1581.0,1.545,8.434,0.0,0.0,-1078.184,723899.71,1.0
337.343,25.853,0.299,1567.198,0.184,25.0,46.32,-87.303,1920.595,-49.48269,345.98764,0.899,0.0,0.0,5e-05,1.00224,0.03534,1579.0,1.543,8.396,0.0,0.0,-1075.411,723900.164,1.0
337.38,25.845,0.299,1567.005,0.184,25.0,46.32,-87.303,1920.603,-49.52848,345.98809,0.899,0.0,0.0,5e-05,1.00125,0.03539,1578.0,1.542,8.375,0.0,0.0,-1074.651,723900.48,1.0
337.423,25.835,0.298,1566.789,0.184,25.0,46.32,-87.303,1920.611,-49.5795,345.98861,0.899,0.0,0.0,5e-05,1.00022,0.03544,1577.0,1.541,8.353,0.0,0.0,-1074.121,723900.832,1.0
337.434,25.833,0.298,1566.73,0.184,25.0,46.32,-87.303,1920.613,-49.59345,345.98875,0.449,0.0,0.0,5e-05,0.99996,0.03546,1577.0,0.7707,4.174,0.0,0.0,-1073.53,723900.88,1.0
337.446,25.83,0.298,1566.667,0.184,25.0,46.32,-87.303,1920.615,-49.6084,345.9889,0.449,0.0,0.0,5e-05,0.99996,0.03548,1578.0,0.7711,4.175,0.0,0.0,-1073.368,723900.932,1.0
337.502,25.817,0.298,1566.382,0.184,25.0,46.321,-87.303,1920.626,-49.67562,345.98957,0.449,0.0,0.0,5e-05,0.99999,0.03555,1581.0,0.7725,4.178,0.0,0.0,-1073.194,723901.164,1.0
337.558,25.804,0.298,1566.092,0.184,25.0,46.321,-87.303,1920.637,-49.74383,345.99026,0.449,0.0,0.0,5e-05,0.99987,0.03562,1583.0,0.7738,4.18,0.0,0.0,-1072.414,723901.4,1.0
337.621,25.79,0.298,1565.773,0.184,25.0,46.321,-87.303,1920.649,-49.81918,345.99102,0.449,0.0,0.0,5e-05,0.99948,0.0357,1585.0,0.7748,4.179,0.0,0.0,-1071.622,723901.66,1.0
337.902,25.726,0.298,1564.335,0.184,25.0,46.321,-87.303,1920.703,-50.15686,345.99446,0.449,0.0,0.0,5e-05,0.99961,0.03604,1600.0,0.7819,4.196,0.0,0.0,-1070.747,723902.839,1.0
338.902,25.495,0.298,1559.235,0.184,25.0,46.323,-87.303,1920.89,-51.34072,346.00691,0.449,0.0,0.0,4e-05,0.99982,0.03729,1653.0,0.8078,4.258,0.0,0.0,-1066.819,723907.097,1.0
339.902,25.261,0.297,1554.201,0.184,25.0,46.324,-87.304,1921.073,-52.49627,346.01965,0.449,0.0,0.0,4e-05,0.99958,0.03875,1712.0,0.8369,4.321,0.0,0.0,-1052.975,723911.417,1.0
340.902,25.024,0.297,1549.233,0.184,25.0,46.326,-87.305,1921.251,-53.62432,346.03271,0.449,0.0,0.0,4e-05,0.99879,0.04028,1773.0,0.8666,4.378,0.0,0.0,-1039.444,723915.795,1.0
341.902,24.784,0.296,1544.329,0.184,25.0,46.328,-87.305,1921.424,-54.72569,346.0461,0.449,0.0,0.0,4e-05,0.99742,0.0419,1835.0,0.8968,4.429,0.0,0.0,-1026.217,723920.224,1.0
342.902,24.541,0.295,1539.487,0.184,25.0,46.329,-87.306,1921.592,-55.80123,346.05981,0.449,0.0,0.0,4e-05,0.99544,0.04361,1898.0,0.9274,4.472,0.0,0.0,-1013.283,723924.696,1.0
343.902,24.296,0.294,1534.705,0.184,25.0,46.33,-87.306,1921.755,-56.85179,346.07386,0.449,0.0,0.0,4e-05,0.9928,0.04542,1961.0,0.9582,4.507,0.0,0.0,-1000.635,723929.204,1.0
344.902,24.049,0.292,1529.984,0.184,25.0,46.332,-87.307,1921.913,-57.8782,346.08826,0.449,0.0,0.0,3e-05,0.98949,0.04732,2024.0,0.989,4.534,0.0,0.0,-988.262,723933.737,1.0
345.902,23.801,0.291,1525.32,0.184,25.0,46.333,-87.307,1922.065,-58.88129,346.10303,0.449,0.0,0.0,3e-05,0.98548,0.04931,2086.0,1.02,4.551,0.0,0.0,-976.155,723938.288,1.0
346.902,23.552,0.289,1520.713,0.184,25.0,46.334,-87.308,1922.212,-59.86189,346.11817,0.449,0.0,0.0,3e-05,0.98077,0.05141,2149.0,1.05,4.557,0.0,0.0,-964.308,723942.845,1.0
347.902,23.302,0.287,1516.162,0.184,25.0,46.336,-87.308,1922.354,-60.82077,346.1337,0.449,0.0,0.0,3e-05,0.97534,0.05362,2210.0,1.08,4.554,0.0,0.0,-952.711,723947.399,1.0
348.902,23.051,0.285,1511.666,0.184,25.0,46.337,-87.308,1922.491,-61.75871,346.14963,0.449,0.0,0.0,3e-05,0.9692,0.05593,2270.0,1.109,4.539,0.0,0.0,-941.358,723951.938,1.0
349.902,22.8,0.282,1507.222,0.184,25.0,46.338,-87.309,1922.623,-62.67641,346.16597,0.449,0.0,0.0,3e-05,0.96235,0.05835,2328.0,1.138,4.514,0.0,0.0,-930.24,723956.452,1.0
350.902,22.55,0.28,1502.831,0.184,25.0,46.339,-87.309,1922.75,-63.57457,346.18275,0.449,0.0,0.0,3e-05,0.9548,0.06088,2384.0,1.165,4.477,0.0,0.0,-919.351,723960.929,1.0
351.902,22.3,0.277,1498.491,0.184,25.0,46.34,-87.31,1922.871,-64.45382,346.19998,0.449,0.0,0.0,3e-05,0.94658,0.06353,2438.0,1.192,4.43,0.0,0.0,-908.683,723965.359,1.0
352.902,22.05,0.274,1494.2,0.184,25.0,46.341,-87.31,1922.988,-65.31477,346.21768,0.449,0.0,0.0,2e-05,0.9377,0.06629,2490.0,1.217,4.373,0.0,0.0,-898.231,723969.733,1.0
353.902,21.802,0.27,1489.959,0.184,25.0,46.342,-87.31,1923.099,-66.15795,346.23586,0.449,0.0,0.0,2e-05,0.92819,0.06918,2538.0,1.24,4.306,0.0,0.0,-887.988,723974.039,1.0
354.902,21.556,0.267,1485.765,0.184,25.0,46.343,-87.311,1923.206,-66.98388,346.25456,0.449,0.0,0.0,2e-05,0.9181,0.07218,2583.0,1.263,4.23,0.0,0.0,-877.948,723978.269,1.0
355.902,21.311,0.264,1481.618,0.184,25.0,46.344,-87.311,1923.308,-67.793,346.27378,0.449,0.0,0.0,2e-05,0.90746,0.0753,2625.0,1.283,4.145,0.0,0.0,-868.106,723982.414,1.0
356.902,21.068,0.26,1477.517,0.184,25.0,46.345,-87.311,1923.405,-68.58569,346.29357,0.449,0.0,0.0,2e-05,0.89631,0.07855,2663.0,1.302,4.053,0.0,0.0,-858.454,723986.466,1.0
357.902,20.827,0.256,1473.461,0.184,25.0,46.346,-87.312,1923.497,-69.36232,346.31394,0.449,0.0,0.0,2e-05,0.8847,0.08192,2698.0,1.319,3.953,0.0,0.0,-848.989,723990.42,1.0
358.902,20.588,0.252,1469.449,0.184,25.0,46.346,-87.312,1923.585,-70.12316,346.33493,0.449,0.0,0.0,2e-05,0.87268,0.08541,2729.0,1.334,3.848,0.0,0.0,-839.705,723994.267,1.0
359.902,20.352,0.248,1465.48,0.184,25.0,46.347,-87.312,1923.669,-70.86847,346.35656,0.449,0.0,0.0,2e-05,0.8603,0.08902,2756.0,1.347,3.738,0.0,0.0,-830.597,723998.005,1.0
360.902,20.119,0.244,1461.554,0.184,25.0,46.348,-87.312,1923.748,-71.59843,346.37887,0.449,0.0,0.0,2e-05,0.84761,0.09276,2779.0,1.358,3.623,0.0,0.0,-821.66,724001.629,1.0
361.902,19.889,0.24,1457.669,0.184,25.0,46.348,-87.313,1923.823,-72.31319,346.4019,0.449,0.0,0.0,2e-05,0.83467,0.09662,2798.0,1.368,3.506,0.0,0.0,-812.889,724005.135,1.0
362.902,19.662,0.236,1453.825,0.184,25.0,46.349,-87.313,1923.893,-73.01286,346.42569,0.449,0.0,0.0,2e-05,0.82151,0.1006,2814.0,1.375,3.387,0.0,0.0,-804.281,724008.522,1.0
363.902,19.438,0.232,1450.021,0.184,25.0,46.35,-87.313,1923.96,-73.69749,346.45028,0.449,0.0,0.0,2e-05,0.80819,0.1047,2826.0,1.381,3.266,0.0,0.0,-795.83,724011.788,1.0
364.902,19.217,0.228,1446.256,0.184,25.0,46.35,-87.313,1924.023,-74.3671,346.47572,0.449,0.0,0.0,1e-05,0.79474,0.1089,2834.0,1.385,3.146,0.0,0.0,-787.533,724014.934,1.0
365.902,18.999,0.223,1442.529,0.184,25.0,46.351,-87.313,1924.083,-75.02168,346.50205,0.449,0.0,0.0,1e-05,0.7812,0.1132,2839.0,1.388,3.025,0.0,0.0,-779.385,724017.959,1.0
366.902,18.785,0.219,1438.841,0.184,25.0,46.351,-87.314,1924.139,-75.66118,346.52934,0.449,0.0,0.0,1e-05,0.76763,0.1176,2841.0,1.388,2.906,0.0,0.0,-771.384,724020.865,1.0
367.902,18.574,0.215,1435.189,0.184,25.0,46.352,-87.314,1924.191,-76.28551,346.55765,0.449,0.0,0.0,1e-05,0.75406,0.1222,2839.0,1.388,2.788,0.0,0.0,-763.524,724023.653,1.0
368.902,18.367,0.211,1431.574,0.184,25.0,46.352,-87.314,1924.241,-76.89459,346.58703,0.449,0.0,0.0,1e-05,0.74053,0.1268,2835.0,1.385,2.673,0.0,0.0,-755.803,724026.325,1.0
369.902,18.163,0.207,1427.995,0.184,25.0,46.352,-87.314,1924.287,-77.48828,346.61756,0.449,0.0,0.0,1e-05,0.72709,0.1315,2828.0,1.382,2.56,0.0,0.0,-748.217,724028.886,1.0
370.902,17.963,0.203,1424.451,0.184,25.0,46.353,-87.314,1924.33,-78.06647,346.64932,0.449,0.0,0.0,1e-05,0.71376,0.1362,2818.0,1.377,2.451,0.0,0.0,-740.762,724031.337,1.0
371.902,17.766,0.199,1420.942,0.184,25.0,46.353,-87.314,1924.371,-78.629,346.68239,0.449,0.0,0.0,1e-05,0.70058,0.1411,2807.0,1.372,2.346,0.0,0.0,-733.437,724033.683,1.0
372.902,17.573,0.195,1417.467,0.184,25.0,46.354,-87.314,1924.408,-79.17574,346.71687,0.449,0.0,0.0,1e-05,0.68759,0.146,2793.0,1.365,2.244,0.0,0.0,-726.236,724035.927,1.0
373.902,17.383,0.191,1414.026,0.184,25.0,46.354,-87.314,1924.444,-79.70655,346.75284,0.449,0.0,0.0,1e-05,0.67481,0.1509,2778.0,1.358,2.146,0.0,0.0,-719.158,724038.073,1.0
374.902,17.196,0.188,1410.617,0.184,25.0,46.354,-87.315,1924.477,-80.22131,346.79041,0.449,0.0,0.0,1e-05,0.66226,0.1559,2761.0,1.35,2.053,0.0,0.0,-712.199,724040.125,1.0
375.902,17.013,0.184,1407.241,0.184,25.0,46.354,-87.315,1924.508,-80.71989,346.82971,0.449,0.0,0.0,1e-05,0.64996,0.161,2744.0,1.341,1.963,0.0,0.0,-705.356,724042.089,1.0
376.902,16.833,0.181,1403.897,0.184,25.0,46.355,-87.315,1924.536,-81.20222,346.87086,0.449,0.0,0.0,1e-05,0.63794,0.1661,2725.0,1.332,1.879,0.0,0.0,-698.628,724043.968,1.0
377.902,16.656,0.177,1400.584,0.184,25.0,46.355,-87.315,1924.563,-81.66821,346.914,0.449,0.0,0.0,1e-05,0.6262,0.1712,2706.0,1.322,1.798,0.0,0.0,-692.01,724045.765,1.0
378.902,16.482,0.174,1397.302,0.184,25.0,46.355,-87.315,1924.588,-82.11783,346.95928,0.449,0.0,0.0,1e-05,0.61476,0.1764,2686.0,1.313,1.721,0.0,0.0,-685.501,724047.487,1.0
379.902,16.311,0.171,1394.05,0.184,25.0,46.355,-87.315,1924.611,-82.55107,347.00685,0.449,0.0,0.0,1e-05,0.60362,0.1816,2666.0,1.303,1.649,0.0,0.0,-679.098,724049.135,1.0
380.902,16.143,0.168,1390.828,0.184,25.0,46.356,-87.315,1924.632,-82.96795,347.05691,0.449,0.0,0.0,1e-05,0.59279,0.1867,2645.0,1.293,1.58,0.0,0.0,-672.799,724050.715,1.0
381.902,15.977,0.165,1387.636,0.184,25.0,46.356,-87.315,1924.652,-83.36853,347.10964,0.449,0.0,0.0,1e-05,0.58227,0.1919,2625.0,1.283,1.516,0.0,0.0,-666.601,724052.231,1.0
382.902,15.815,0.162,1384.473,0.184,25.0,46.356,-87.315,1924.67,-83.7529,347.16526,0.449,0.0,0.0,1e-05,0.57206,0.1971,2604.0,1.273,1.455,0.0,0.0,-660.502,724053.686,1.0
383.902,15.655,0.159,1381.338,0.184,25.0,46.356,-87.315,1924.687,-84.12119,347.224,0.449,0.0,0.0,1e-05,0.56217,0.2023,2584.0,1.263,1.397,0.0,0.0,-654.5,724055.083,1.0
384.902,15.498,0.157,1378.231,0.184,25.0,46.356,-87.315,1924.703,-84.47357,347.28611,0.449,0.0,0.0,1e-05,0.55258,0.2075,2564.0,1.253,1.343,0.0,0.0,-648.592,724056.426,1.0
385.902,15.343,0.154,1375.152,0.184,25.0,46.356,-87.315,1924.717,-84.81025,347.35186,0.449,0.0,0.0,1e-05,0.5433,0.2127,2544.0,1.243,1.292,0.0,0.0,-642.777,724057.718,1.0
386.902,15.19,0.152,1372.1,0.184,25.0,46.356,-87.315,1924.731,-85.13146,347.42156,0.449,0.0,0.0,1e-05,0.53431,0.2179,2525.0,1.234,1.244,0.0,0.0,-637.052,724058.962,1.0
387.902,15.04,0.15,1369.075,0.184,25.0,46.356,-87.315,1924.743,-85.43748,347.49553,0.449,0.0,0.0,1e-05,0.52562,0.223,2506.0,1.225,1.199,0.0,0.0,-631.416,724060.161,1.0
388.902,14.892,0.147,1366.077,0.184,25.0,46.357,-87.315,1924.754,-85.7286,347.57415,0.449,0.0,0.0,1e-05,0.51722,0.2281,2487.0,1.216,1.157,0.0,0.0,-625.866,724061.318,1.0
389.902,14.746,0.145,1363.104,0.184,25.0,46.357,-87.315,1924.765,-86.00518,347.65779,0.449,0.0,0.0,1e-05,0.50909,0.2332,2469.0,1.207,1.117,0.0,0.0,-620.401,724062.435,1.0
390.902,14.602,0.143,1360.158,0.184,25.0,46.357,-87.315,1924.775,-86.26755,347.74688,0.449,0.0,0.0,1e-05,0.50124,0.2382,2452.0,1.198,1.08,0.0,0.0,-615.019,724063.514,1.0
391.902,14.46,0.141,1357.236,0.184,25.0,46.357,-87.315,1924.784,-86.51612,347.84191,0.449,0.0,0.0,1e-05,0.49366,0.2432,2435.0,1.19,1.044,0.0,0.0,-609.718,724064.559,1.0
392.902,14.32,0.139,1354.339,0.184,25.0,46.357,-87.315,1924.792,-86.75128,347.94339,0.449,0.0,0.0,1e-05,0.48634,0.2482,2419.0,1.182,1.011,0.0,0.0,-604.496,724065.57,1.0
393.902,14.182,0.138,1351.467,0.184,25.0,46.357,-87.315,1924.799,-86.97346,348.05187,0.449,0.0,0.0,1e-05,0.47928,0.2531,2404.0,1.175,0.98,0.0,0.0,-599.352,724066.55,1.0
394.902,14.045,0.136,1348.619,0.184,25.0,46.357,-87.315,1924.806,-87.1831,348.16799,0.449,0.0,0.0,1e-05,0.47246,0.258,2389.0,1.168,0.951,0.0,0.0,-594.284,724067.501,1.0
395.902,13.91,0.134,1345.795,0.184,25.0,46.357,-87.315,1924.813,-87.38065,348.29242,0.449,0.0,0.0,1e-05,0.46587,0.2629,2375.0,1.161,0.923,0.0,0.0,-589.29,724068.425,1.0
396.902,13.777,0.133,1342.995,0.184,25.0,46.357,-87.316,1924.819,-87.56658,348.42591,0.449,0.0,0.0,1e-05,0.45952,0.2677,2362.0,1.154,0.897,0.0,0.0,-584.37,724069.322,1.0
397.902,13.645,0.131,1340.217,0.184,25.0,46.357,-87.316,1924.824,-87.74134,348.56928,0.449,0.0,0.0,1e-05,0.45338,0.2726,2349.0,1.148,0.873,0.0,0.0,-579.521,724070.195,1.0
398.902,13.515,0.13,1337.463,0.184,25.0,46.357,-87.316,1924.829,-87.90541,348.72343,0.449,0.0,0.0,1e-05,0.44745,0.2773,2337.0,1.142,0.85,0.0,0.0,-574.742,724071.045,1.0
399.902,13.386,0.128,1334.731,0.184,25.0,46.357,-87.316,1924.833,-88.05926,348.88934,0.449,0.0,0.0,1e-05,0.44171,0.2821,2326.0,1.137,0.828,0.0,0.0,-570.031,724071.873,1.0
400.902,13.258,0.127,1332.021,0.184,25.0,46.357,-87.316,1924.838,-88.20336,349.06812,0.449,0.0,0.0,1e-05,0.43617,0.2868,2315.0,1.131,0.808,0.0,0.0,-565.388,724072.681,1.0
401.902,13.132,0.126,1329.333,0.184,25.0,46.357,-87.316,1924.841,-88.33817,349.26096,0.449,0.0,0.0,1e-05,0.43081,0.2915,2305.0,1.126,0.788,0.0,0.0,-560.81,724073.469,1.0
402.902,13.007,0.124,1326.666,0.184,25.0,46.357,-87.316,1924.845,-88.46416,349.46918,0.449,0.0,0.0,1e-05,0.42562,0.2962,2295.0,1.122,0.77,0.0,0.0,-556.297,724074.238,1.0
403.902,12.884,0.123,1324.021,0.184,25.0,46.357,-87.316,1924.848,-88.58175,349.69423,0.449,0.0,0.0,1e-05,0.4206,0.3008,2286.0,1.117,0.752,0.0,0.0,-551.847,724074.99,1.0
404.902,12.761,0.122,1321.397,0.184,25.0,46.357,-87.316,1924.851,-88.69141,349.93773,0.449,0.0,0.0,1e-05,0.41574,0.3054,2277.0,1.113,0.735,0.0,0.0,-547.459,724075.726,1.0
405.902,12.64,0.121,1318.793,0.184,25.0,46.357,-87.316,1924.854,-88.79356,350.20144,0.449,0.0,0.0,1e-05,0.41102,0.31,2269.0,1.109,0.72,0.0,0.0,-543.131,724076.445,1.0
406.902,12.52,0.12,1316.21,0.184,25.0,46.357,-87.316,1924.856,-88.88861,350.48732,0.449,0.0,0.0,1e-05,0.40645,0.3146,2261.0,1.105,0.704,0.0,0.0,-538.863,724077.149,1.0
407.902,12.4,0.119,1313.647,0.184,25.0,46.357,-87.316,1924.858,-88.97696,350.79753,0.449,0.0,0.0,1e-05,0.40202,0.3191,2254.0,1.101,0.69,0.0,0.0,-534.654,724077.84,1.0
408.902,12.282,0.118,1311.104,0.184,25.0,46.358,-87.316,1924.86,-89.05901,351.13445,0.449,0.0,0.0,1e-05,0.39771,0.3237,2247.0,1.098,0.676,0.0,0.0,-530.502,724078.516,1.0
409.902,12.165,0.117,1308.581,0.184,25.0,46.358,-87.316,1924.862,-89.13513,351.50072,0.449,0.0,0.0,0.0,0.39353,0.3282,2240.0,1.095,0.663,0.0,0.0,-526.406,724079.18,1.0
410.902,12.049,0.116,1306.076,0.184,25.0,46.358,-87.316,1924.864,-89.20569,351.89925,0.449,0.0,0.0,0.0,0.38946,0.3327,2234.0,1.092,0.651,0.0,0.0,-522.365,724079.83,1.0
411.902,11.933,0.115,1303.591,0.184,25.0,46.358,-87.316,1924.865,-89.27101,352.33326,0.449,0.0,0.0,0.0,0.38551,0.3371,2228.0,1.089,0.639,0.0,0.0,-518.378,724080.469,1.0
412.902,11.819,0.114,1301.125,0.184,25.0,46.358,-87.316,1924.867,-89.33143,352.8063,0.449,0.0,0.0,0.0,0.38167,0.3416,2222.0,1.086,0.628,0.0,0.0,-514.444,724081.097,1.0
413.902,11.706,0.113,1298.677,0.184,25.0,46.358,-87.316,1924.868,-89.38727,353.32232,0.449,0.0,0.0,0.0,0.37793,0.346,2217.0,1.084,0.617,0.0,0.0,-510.562,724081.714,1.0
414.902,11.593,0.112,1296.248,0.184,25.0,46.358,-87.316,1924.869,-89.43883,353.88564,0.449,0.0,0.0,0.0,0.37429,0.3505,2212.0,1.081,0.606,0.0,0.0,-506.731,724082.32,1.0
415.902,11.481,0.111,1293.837,0.184,25.0,46.358,-87.316,1924.87,-89.48637,354.50108,0.449,0.0,0.0,0.0,0.37074,0.3549,2208.0,1.079,0.596,0.0,0.0,-502.95,724082.916,1.0
416.902,11.37,0.111,1291.444,0.184,25.0,46.358,-87.316,1924.871,-89.53018,355.1739,0.449,0.0,0.0,0.0,0.36729,0.3593,2203.0,1.077,0.586,0.0,0.0,-499.218,724083.502,1.0
417.902,11.26,0.11,1289.068,0.184,25.0,46.358,-87.316,1924.872,-89.5705,355.90993,0.449,0.0,0.0,0.0,0.36392,0.3637,2199.0,1.075,0.577,0.0,0.0,-495.534,724084.079,1.0
418.902,11.15,0.109,1286.71,0.184,25.0,46.358,-87.316,1924.873,-89.60757,356.71555,0.449,0.0,0.0,0.0,0.36063,0.3681,2195.0,1.073,0.568,0.0,0.0,-491.898,724084.647,1.0
419.902,11.042,0.108,1284.368,0.184,25.0,46.358,-87.316,1924.874,-89.64162,357.59774,0.449,0.0,0.0,0.0,0.35742,0.3725,2191.0,1.071,0.559,0.0,0.0,-488.308,724085.206,1.0
420.902,10.934,0.108,1282.044,0.184,25.0,46.358,-87.316,1924.874,-89.67285,358.56414,0.449,0.0,0.0,0.0,0.35429,0.3769,2188.0,1.069,0.551,0.0,0.0,-484.764,724085.757,1.0
421.902,10.826,0.107,1279.737,0.184,25.0,46.358,-87.316,1924.875,-89.70146,359.623,0.449,0.0,0.0,0.0,0.35123,0.3813,2185.0,1.068,0.543,0.0,0.0,-481.265,724086.3,1.0
422.902,10.72,0.106,1277.446,0.184,25.0,46.358,-87.316,1924.875,-89.72764,0.78322,0.449,0.0,0.0,0.0,0.34825,0.3857,2181.0,1.066,0.535,0.0,0.0,-477.809,724086.835,1.0
423.902,10.614,0.106,1275.171,0.184,25.0,46.358,-87.316,1924.876,-89.75155,2.05429,0.449,0.0,0.0,0.0,0.34533,0.3901,2179.0,1.065,0.527,0.0,0.0,-474.397,724087.362,1.0
424.902,10.508,0.105,1272.913,0.184,25.0,46.358,-87.316,1924.876,-89.77337,3.4462,0.449,0.0,0.0,0.0,0.34247,0.3946,2176.0,1.063,0.52,0.0,0.0,-471.027,724087.882,1.0
425.902,10.404,0.104,1270.671,0.184,25.0,46.358,-87.316,1924.877,-89.79323,4.96931,0.449,0.0,0.0,0.0,0.33968,0.399,2173.0,1.062,0.513,0.0,0.0,-467.7,724088.395,1.0
426.902,10.3,0.104,1268.444,0.184,25.0,46.358,-87.316,1924.877,-89.81127,6.63413,0.449,0.0,0.0,0.0,0.33695,0.4034,2171.0,1.061,0.506,0.0,0.0,-464.413,724088.9,1.0
427.902,10.197,0.103,1266.233,0.184,25.0,46.358,-87.316,1924.877,-89.82763,8.45097,0.449,0.0,0.0,0.0,0.33427,0.4079,2168.0,1.06,0.499,0.0,0.0,-461.166,724089.399,1.0
428.902,10.094,0.102,1264.037,0.184,25.0,46.358,-87.316,1924.878,-89.84242,10.42948,0.449,0.0,0.0,0.0,0.33165,0.4123,2166.0,1.059,0.492,0.0,0.0,-457.959,724089.892,1.0
429.902,9.992,0.102,1261.856,0.184,25.0,46.358,-87.316,1924.878,-89.85576,12.57809,0.449,0.0,0.0,0.0,0.32909,0.4168,2164.0,1.058,0.486,0.0,0.0,-454.79,724090.378,1.0
430.902,9.89,0.101,1259.691,0.184,25.0,46.358,-87.316,1924.878,-89.86775,14.90322,0.449,0.0,0.0,0.0,0.32658,0.4214,2162.0,1.057,0.48,0.0,0.0,-451.66,724090.857,1.0
431.902,9.789,0.101,1257.54,0.184,25.0,46.358,-87.316,1924.878,-89.87847,17.40842,0.449,0.0,0.0,0.0,0.32411,0.4259,2161.0,1.056,0.474,0.0,0.0,-448.568,724091.331,1.0
432.902,9.689,0.1,1255.404,0.184,25.0,46.358,-87.316,1924.879,-89.88804,20.09329,0.449,0.0,0.0,0.0,0.3217,0.4304,2159.0,1.055,0.468,0.0,0.0,-445.512,724091.799,1.0
433.902,9.589,0.1,1253.282,0.184,25.0,46.358,-87.316,1924.879,-89.89652,22.95254,0.449,0.0,0.0,0.0,0.31933,0.435,2157.0,1.054,0.462,0.0,0.0,-442.492,724092.26,1.0
434.902,9.49,0.099,1251.175,0.184,25.0,46.358,-87.316,1924.879,-89.90401,25.97498,0.449,0.0,0.0,0.0,0.317,0.4396,2156.0,1.054,0.456,0.0,0.0,-439.509,724092.717,1.0
435.902,9.391,0.098,1249.082,0.184,25.0,46.358,-87.316,1924.879,-89.91057,29.14289,0.449,0.0,0.0,0.0,0.31471,0.4443,2154.0,1.053,0.451,0.0,0.0,-436.56,724093.167,1.0
436.902,9.293,0.098,1247.002,0.184,25.0,46.358,-87.316,1924.879,-89.91629,32.4318,0.449,0.0,0.0,0.0,0.31246,0.4489,2153.0,1.052,0.445,0.0,0.0,-433.646,724093.612,1.0
437.902,9.195,0.097,1244.937,0.184,25.0,46.358,-87.316,1924.879,-89.92125,35.81096,0.449,0.0,0.0,0.0,0.31026,0.4536,2152.0,1.052,0.44,0.0,0.0,-430.765,724094.052,1.0
438.902,9.098,0.097,1242.885,0.184,25.0,46.358,-87.316,1924.88,-89.9255,39.24439,0.449,0.0,0.0,0.0,0.30808,0.4583,2150.0,1.051,0.434,0.0,0.0,-427.919,724094.486,1.0
439.902,9.002,0.096,1240.847,0.184,25.0,46.358,-87.316,1924.88,-89.92913,42.69279,0.449,0.0,0.0,0.0,0.30595,0.463,2149.0,1.05,0.429,0.0,0.0,-425.104,724094.916,1.0
440.902,8.906,0.096,1238.821,0.184,25.0,46.358,-87.316,1924.88,-89.9322,46.1157,0.449,0.0,0.0,0.0,0.30385,0.4678,2148.0,1.05,0.424,0.0,0.0,-422.322,724095.34,1.0
441.902,8.81,0.095,1236.81,0.184,25.0,46.358,-87.316,1924.88,-89.93479,49.47405,0.449,0.0,0.0,0.0,0.30178,0.4725,2147.0,1.049,0.419,0.0,0.0,-419.572,724095.759,1.0
442.902,8.715,0.095,1234.811,0.184,25.0,46.358,-87.316,1924.88,-89.93695,52.73232,0.449,0.0,0.0,0.0,0.29974,0.4774,2146.0,1.049,0.414,0.0,0.0,-416.853,724096.173,1.0
443.902,8.621,0.094,1232.825,0.184,25.0,46.358,-87.316,1924.88,-89.93875,55.86032,0.449,0.0,0.0,0.0,0.29774,0.4822,2144.0,1.048,0.41,0.0,0.0,-414.165,724096.583,1.0
444.902,8.527,0.094,1230.852,0.184,25.0,46.358,-87.316,1924.88,-89.94023,58.83431,0.449,0.0,0.0,0.0,0.29577,0.487,2143.0,1.048,0.405,0.0,0.0,-411.507,724096.988,1.0
445.902,8.433,0.093,1228.891,0.184,25.0,46.358,-87.316,1924.881,-89.94146,61.63731,0.449,0.0,0.0,0.0,0.29382,0.4919,2142.0,1.047,0.4,0.0,0.0,-408.879,724097.388,1.0
446.902,8.34,0.093,1226.943,0.184,25.0,46.358,-87.316,1924.881,-89.94247,64.25886,0.449,0.0,0.0,0.0,0.29191,0.4968,2141.0,1.047,0.396,0.0,0.0,-406.28,724097.784,1.0
447.902,8.248,0.092,1225.007,0.184,25.0,46.358,-87.316,1924.881,-89.9433,66.69436,0.449,0.0,0.0,0.0,0.29002,0.5017,2140.0,1.046,0.391,0.0,0.0,-403.71,724098.175,1.0
448.902,8.156,0.092,1223.083,0.184,25.0,46.358,-87.316,1924.881,-89.94399,68.94408,0.449,0.0,0.0,0.0,0.28816,0.5067,2139.0,1.046,0.387,0.0,0.0,-401.168,724098.562,1.0
449.902,8.064,0.091,1221.172,0.184,25.0,46.358,-87.316,1924.881,-89.94456,71.01217,0.449,0.0,0.0,0.0,0.28633,0.5117,2138.0,1.045,0.383,0.0,0.0,-398.654,724098.945,1.0
450.902,7.973,0.091,1219.272,0.184,25.0,46.358,-87.316,1924.881,-89.94504,72.90558,0.449,0.0,0.0,0.0,0.28452,0.5167,2137.0,1.045,0.378,0.0,0.0,-396.167,724099.323,1.0
451.902,7.882,0.09,1217.384,0.184,25.0,46.358,-87.316,1924.881,-89.94545,74.63323,0.449,0.0,0.0,0.0,0.28274,0.5217,2137.0,1.044,0.374,0.0,0.0,-393.708,724099.697,1.0
452.902,7.792,0.09,1215.508,0.184,25.0,46.358,-87.316,1924.881,-89.94581,76.20524,0.449,0.0,0.0,0.0,0.28099,0.5268,2136.0,1.044,0.37,0.0,0.0,-391.275,724100.067,1.0
453.902,7.702,0.09,1213.643,0.184,25.0,46.358,-87.316,1924.882,-89.94612,77.63234,0.449,0.0,0.0,0.0,0.27926,0.5318,2135.0,1.043,0.366,0.0,0.0,-388.868,724100.433,1.0
454.902,7.613,0.089,1211.789,0.184,25.0,46.358,-87.316,1924.882,-89.94639,78.92545,0.449,0.0,0.0,0.0,0.27755,0.5369,2134.0,1.043,0.362,0.0,0.0,-386.487,724100.795,1.0
455.902,7.524,0.089,1209.947,0.184,25.0,46.358,-87.316,1924.882,-89.94665,80.09529,0.449,0.0,0.0,0.0,0.27586,0.5421,2133.0,1.042,0.358,0.0,0.0,-384.132,724101.153,1.0
456.902,7.436,0.088,1208.116,0.184,25.0,46.358,-87.316,1924.882,-89.94688,81.15223,0.449,0.0,0.0,0.0,0.2742,0.5472,2132.0,1.042,0.354,0.0,0.0,-381.802,724101.507,1.0
457.902,7.348,0.088,1206.297,0.184,25.0,46.358,-87.316,1924.882,-89.94711,82.10612,0.449,0.0,0.0,0.0,0.27256,0.5524,2131.0,1.042,0.35,0.0,0.0,-379.496,724101.858,1.0
458.902,7.26,0.087,1204.488,0.184,25.0,46.358,-87.316,1924.882,-89.94732,82.9662,0.449,0.0,0.0,0.0,0.27094,0.5576,2130.0,1.041,0.347,0.0,0.0,-377.214,724102.205,1.0
459.902,7.173,0.087,1202.69,0.184,25.0,46.358,-87.316,1924.882,-89.94753,83.74106,0.449,0.0,0.0,0.0,0.26934,0.5629,2130.0,1.041,0.343,0.0,0.0,-374.957,724102.548,1.0
460.902,7.086,0.087,1200.902,0.184,25.0,46.358,-87.316,1924.882,-89.94774,84.43864,0.449,0.0,0.0,0.0,0.26777,0.5681,2129.0,1.04,0.339,0.0,0.0,-372.723,724102.887,1.0
461.902,7.0,0.086,1199.125,0.184,25.0,46.358,-87.316,1924.882,-89.94794,85.06624,0.449,0.0,0.0,0.0,0.26621,0.5734,2128.0,1.04,0.336,0.0,0.0,-370.512,724103.223,1.0
462.902,6.914,0.086,1197.359,0.184,25.0,46.358,-87.316,1924.882,-89.94815,85.63054,0.449,0.0,0.0,0.0,0.26468,0.5787,2127.0,1.04,0.332,0.0,0.0,-368.324,724103.556,1.0
463.902,6.828,0.085,1195.603,0.184,25.0,46.358,-87.316,1924.882,-89.94835,86.13763,0.449,0.0,0.0,0.0,0.26316,0.584,2127.0,1.039,0.329,0.0,0.0,-366.159,724103.884,1.0
464.902,6.743,0.085,1193.858,0.184,25.0,46.358,-87.316,1924.882,-89.94856,86.59305,0.449,0.0,0.0,0.0,0.26166,0.5894,2126.0,1.039,0.326,0.0,0.0,-364.016,724104.21,1.0
465.902,6.659,0.084,1192.122,0.184,25.0,46.358,-87.316,1924.882,-89.94877,87.00185,0.449,0.0,0.0,0.0,0.26018,0.5948,2125.0,1.039,0.322,0.0,0.0,-361.894,724104.532,1.0
466.902,6.574,0.084,1190.397,0.184,25.0,46.358,-87.316,1924.882,-89.94898,87.3686,0.449,0.0,0.0,0.0,0.25872,0.6002,2124.0,1.038,0.319,0.0,0.0,-359.795,724104.851,1.0
467.902,6.49,0.084,1188.681,0.184,25.0,46.358,-87.316,1924.882,-89.94919,87.69744,0.449,0.0,0.0,0.0,0.25728,0.6056,2124.0,1.038,0.316,0.0,0.0,-357.716,724105.167,1.0
468.902,6.407,0.083,1186.976,0.184,25.0,46.358,-87.316,1924.882,-89.9494,87.99213,0.449,0.0,0.0,0.0,0.25585,0.6111,2123.0,1.038,0.312,0.0,0.0,-355.659,724105.479,1.0
469.902,6.324,0.083,1185.28,0.184,25.0,46.358,-87.316,1924.882,-89.94962,88.25604,0.449,0.0,0.0,0.0,0.25444,0.6165,2122.0,1.037,0.309,0.0,0.0,-353.622,724105.789,1.0
470.902,6.241,0.083,1183.594,0.184,25.0,46.358,-87.316,1924.882,-89.94983,88.49225,0.449,0.0,0.0,0.0,0.25305,0.622,2121.0,1.037,0.306,0.0,0.0,-351.605,724106.095,1.0
471.902,6.159,0.082,1181.917,0.184,25.0,46.358,-87.316,1924.882,-89.95005,88.70354,0.449,0.0,0.0,0.0,0.25167,0.6276,2121.0,1.036,0.303,0.0,0.0,-349.609,724106.398,1.0
472.902,6.077,0.082,1180.25,0.184,25.0,46.358,-87.316,1924.882,-89.95027,88.8924,0.449,0.0,0.0,0.0,0.25032,0.6331,2120.0,1.036,0.3,0.0,0.0,-347.632,724106.698,1.0
473.902,5.995,0.081,1178.592,0.184,25.0,46.358,-87.316,1924.883,-89.95049,89.06109,0.449,0.0,0.0,0.0,0.24897,0.6387,2119.0,1.036,0.297,0.0,0.0,-345.675,724106.995,1.0
474.902,5.914,0.081,1176.943,0.184,25.0,46.358,-87.316,1924.883,-89.95071,89.21166,0.449,0.0,0.0,0.0,0.24764,0.6443,2119.0,1.036,0.294,0.0,0.0,-343.737,724107.29,1.0
475.902,5.833,0.081,1175.304,0.184,25.0,46.358,-87.316,1924.883,-89.95093,89.34594,0.449,0.0,0.0,0.0,0.24633,0.6499,2118.0,1.035,0.291,0.0,0.0,-341.818,724107.581,1.0
476.902,5.753,0.08,1173.674,0.184,25.0,46.358,-87.316,1924.883,-89.95115,89.4656,0.449,0.0,0.0,0.0,0.24504,0.6555,2117.0,1.035,0.289,0.0,0.0,-339.917,724107.87,1.0
477.902,5.672,0.08,1172.053,0.184,25.0,46.358,-87.316,1924.883,-89.95137,89.57212,0.449,0.0,0.0,0.0,0.24375,0.6612,2117.0,1.035,0.286,0.0,0.0,-338.035,724108.156,1.0
478.902,5.593,0.08,1170.441,0.184,25.0,46.358,-87.316,1924.883,-89.95159,89.66687,0.449,0.0,0.0,0.0,0.24248,0.6669,2116.0,1.034,0.283,0.0,0.0,-336.171,724108.439,1.0
479.902,5.513,0.079,1168.837,0.184,25.0,46.358,-87.316,1924.883,-89.95181,89.75105,0.449,0.0,0.0,0.0,0.24123,0.6726,2116.0,1.034,0.28,0.0,0.0,-334.326,724108.719,1.0
480.902,5.434,0.079,1167.243,0.184,25.0,46.358,-87.316,1924.883,-89.95203,89.82575,0.449,0.0,0.0,0.0,0.23999,0.6783,2115.0,1.034,0.278,0.0,0.0,-332.497,724108.997,1.0
481.902,5.355,0.079,1165.657,0.184,25.0,46.358,-87.316,1924.883,-89.95224,89.89197,0.449,0.0,0.0,0.0,0.23877,0.6841,2114.0,1.033,0.275,0.0,0.0,-330.687,724109.272,1.0
482.902,5.277,0.078,1164.079,0.184,25.0,46.358,-87.316,1924.883,-89.95246,89.95059,0.449,0.0,0.0,0.0,0.23755,0.6899,2114.0,1.033,0.272,0.0,0.0,-328.893,724109.544,1.0
483.902,5.199,0.078,1162.511,0.184,25.0,46.358,-87.316,1924.883,-89.95268,90.0024,0.449,0.0,0.0,0.0,0.23635,0.6956,2113.0,1.033,0.27,0.0,0.0,-327.116,724109.814,1.0
484.902,5.121,0.078,1160.95,0.184,25.0,46.358,-87.316,1924.883,-89.95289,90.04813,0.449,0.0,0.0,0.0,0.23517,0.7015,2112.0,1.032,0.267,0.0,0.0,-325.357,724110.081,1.0
485.902,5.044,0.077,1159.398,0.184,25.0,46.358,-87.316,1924.883,-89.9531,90.08841,0.449,0.0,0.0,0.0,0.23399,0.7073,2112.0,1.032,0.265,0.0,0.0,-323.613,724110.346,1.0
486.902,4.967,0.077,1157.854,0.184,25.0,46.358,-87.316,1924.883,-89.95332,90.12382,0.449,0.0,0.0,0.0,0.23283,0.7132,2111.0,1.032,0.262,0.0,0.0,-321.886,724110.608,1.0
487.902,4.89,0.077,1156.319,0.184,25.0,46.358,-87.316,1924.883,-89.95353,90.15489,0.449,0.0,0.0,0.0,0.23168,0.719,2111.0,1.032,0.26,0.0,0.0,-320.175,724110.868,1.0
488.902,4.813,0.076,1154.791,0.184,25.0,46.358,-87.316,1924.883,-89.95374,90.18207,0.449,0.0,0.0,0.0,0.23055,0.7249,2110.0,1.031,0.258,0.0,0.0,-318.48,724111.126,1.0
489.902,4.737,0.076,1153.272,0.184,25.0,46.358,-87.316,1924.883,-89.95394,90.20579,0.449,0.0,0.0,0.0,0.22942,0.7308,2110.0,1.031,0.255,0.0,0.0,-316.801,724111.381,1.0
490.902,4.662,0.076,1151.761,0.184,25.0,46.358,-87.316,1924.883,-89.95415,90.22642,0.449,0.0,0.0,0.0,0.22831,0.7368,2109.0,1.031,0.253,0.0,0.0,-315.137,724111.634,1.0
491.902,4.586,0.075,1150.257,0.184,25.0,46.358,-87.316,1924.883,-89.95435,90.24429,0.449,0.0,0.0,0.0,0.22721,0.7427,2108.0,1.03,0.251,0.0,0.0,-313.488,724111.885,1.0
492.902,4.511,0.075,1148.762,0.184,25.0,46.358,-87.316,1924.883,-89.95456,90.2597,0.449,0.0,0.0,0.0,0.22612,0.7487,2108.0,1.03,0.248,0.0,0.0,-311.854,724112.133,1.0
493.902,4.436,0.075,1147.274,0.184,25.0,46.358,-87.316,1924.883,-89.95476,90.27293,0.449,0.0,0.0,0.0,0.22504,0.7547,2107.0,1.03,0.246,0.0,0.0,-310.235,724112.38,1.0
494.902,4.362,0.074,1145.793,0.184,25.0,46.358,-87.316,1924.884,-89.95496,90.28421,0.449,0.0,0.0,0.0,0.22397,0.7607,2107.0,1.03,0.244,0.0,0.0,-308.631,724112.624,1.0
495.902,4.287,0.074,1144.321,0.184,25.0,46.358,-87.316,1924.884,-89.95516,90.29375,0.449,0.0,0.0,0.0,0.22292,0.7667,2106.0,1.029,0.242,0.0,0.0,-307.042,724112.865,1.0
496.902,4.213,0.074,1142.856,0.184,25.0,46.358,-87.316,1924.884,-89.95535,90.30176,0.449,0.0,0.0,0.0,0.22187,0.7727,2106.0,1.029,0.24,0.0,0.0,-305.466,724113.105,1.0
497.902,4.14,0.073,1141.398,0.184,25.0,46.358,-87.316,1924.884,-89.95555,90.30839,0.449,0.0,0.0,0.0,0.22084,0.7788,2105.0,1.029,0.238,0.0,0.0,-303.905,724113.343,1.0
498.902,4.066,0.073,1139.948,0.184,25.0,46.358,-87.316,1924.884,-89.95574,90.3138,0.449,0.0,0.0,0.0,0.21981,0.7848,2105.0,1.029,0.236,0.0,0.0,-302.357,724113.578,1.0
499.902,3.993,0.073,1138.505,0.184,25.0,46.358,-87.316,1924.884,-89.95593,90.31814,0.449,0.0,0.0,0.0,0.2188,0.7909,2104.0,1.028,0.234,0.0,0.0,-300.824,724113.812,1.0
500.902,3.921,0.073,1137.07,0.184,25.0,46.358,-87.316,1924.884,-89.95612,90.3215,0.449,0.0,0.0,0.0,0.21779,0.797,2104.0,1.028,0.232,0.0,0.0,-299.304,724114.043,1.0
501.902,3.848,0.072,1135.642,0.184,25.0,46.358,-87.316,1924.884,-89.95631,90.32402,0.449,0.0,0.0,0.0,0.2168,0.8031,2103.0,1.028,0.23,0.0,0.0,-297.797,724114.273,1.0
502.902,3.776,0.072,1134.22,0.184,25.0,46.358,-87.316,1924.884,-89.95649,90.32578,0.449,0.0,0.0,0.0,0.21581,0.8093,2103.0,1.028,0.228,0.0,0.0,-296.304,724114.5,1.0
503.902,3.704,0.072,1132.806,0.184,25.0,46.358,-87.316,1924.884,-89.95668,90.32686,0.449,0.0,0.0,0.0,0.21484,0.8154,2102.0,1.027,0.226,0.0,0.0,-294.823,724114.726,1.0
504.902,3.632,0.071,1131.399,0.184,25.0,46.358,-87.316,1924.884,-89.95686,90.32735,0.449,0.0,0.0,0.0,0.21387,0.8216,2102.0,1.027,0.224,0.0,0.0,-293.356,724114.95,1.0
505.902,3.561,0.071,1129.999,0.184,25.0,46.358,-87.316,1924.884,-89.95704,90.32731,0.449,0.0,0.0,0.0,0.21291,0.8277,2101.0,1.027,0.222,0.0,0.0,-291.901,724115.172,1.0
506.902,3.49,0.071,1128.606,0.184,25.0,46.358,-87.316,1924.884,-89.95722,90.32679,0.449,0.0,0.0,0.0,0.21197,0.8339,2101.0,1.027,0.22,0.0,0.0,-290.459,724115.392,1.0
507.902,3.419,0.071,1127.22,0.184,25.0,46.358,-87.316,1924.884,-89.9574,90.32586,0.449,0.0,0.0,0.0,0.21103,0.8401,2100.0,1.026,0.218,0.0,0.0,-289.029,724115.61,1.0
508.902,3.349,0.07,1125.841,0.184,25.0,46.358,-87.316,1924.884,-89.95757,90.32457,0.449,0.0,0.0,0.0,0.2101,0.8463,2100.0,1.026,0.216,0.0,0.0,-287.612,724115.826,1.0
509.902,3.278,0.07,1124.468,0.184,25.0,46.358,-87.316,1924.884,-89.95775,90.32294,0.449,0.0,0.0,0.0,0.20918,0.8526,2099.0,1.026,0.215,0.0,0.0,-286.206,724116.041,1.0
510.902,3.208,0.07,1123.102,0.184,25.0,46.358,-87.316,1924.884,-89.95792,90.32102,0.449,0.0,0.0,0.0,0.20827,0.8588,2099.0,1.026,0.213,0.0,0.0,-284.813,724116.254,1.0
511.902,3.139,0.07,1121.742,0.184,25.0,46.358,-87.316,1924.884,-89.95809,90.31885,0.449,0.0,0.0,0.0,0.20736,0.865,2098.0,1.026,0.211,0.0,0.0,-283.432,724116.465,1.0
512.902,3.069,0.069,1120.389,0.184,25.0,46.358,-87.316,1924.884,-89.95826,90.31644,0.449,0.0,0.0,0.0,0.20647,0.8713,2098.0,1.025,0.209,0.0,0.0,-282.062,724116.674,1.0
513.902,3.0,0.069,1119.043,0.184,25.0,46.358,-87.316,1924.884,-89.95843,90.31383,0.449,0.0,0.0,0.0,0.20558,0.8775,2097.0,1.025,0.208,0.0,0.0,-280.704,724116.882,1.0
514.902,2.931,0.069,1117.703,0.184,25.0,46.358,-87.316,1924.884,-89.95859,90.31104,0.449,0.0,0.0,0.0,0.2047,0.8838,2097.0,1.025,0.206,0.0,0.0,-279.357,724117.088,1.0
515.902,2.862,0.069,1116.37,0.184,25.0,46.358,-87.316,1924.884,-89.95875,90.30809,0.449,0.0,0.0,0.0,0.20383,0.8901,2097.0,1.025,0.204,0.0,0.0,-278.021,724117.293,1.0
516.902,2.794,0.068,1115.043,0.184,25.0,46.358,-87.316,1924.884,-89.95892,90.30499,0.449,0.0,0.0,0.0,0.20297,0.8964,2096.0,1.024,0.203,0.0,0.0,-276.697,724117.496,1.0
517.902,2.725,0.068,1113.722,0.184,25.0,46.358,-87.316,1924.884,-89.95908,90.30177,0.449,0.0,0.0,0.0,0.20211,0.9027,2096.0,1.024,0.201,0.0,0.0,-275.383,724117.697,1.0
518.902,2.657,0.068,1112.407,0.184,25.0,46.358,-87.316,1924.884,-89.95924,90.29843,0.449,0.0,0.0,0.0,0.20127,0.909,2095.0,1.024,0.2,0.0,0.0,-274.081,724117.897,1.0
519.902,2.59,0.068,1111.099,0.184,25.0,46.358,-87.316,1924.884,-89.95939,90.29499,0.449,0.0,0.0,0.0,0.20043,0.9153,2095.0,1.024,0.198,0.0,0.0,-272.789,724118.095,1.0
520.902,2.522,0.067,1109.797,0.184,25.0,46.358,-87.316,1924.884,-89.95955,90.29145,0.449,0.0,0.0,0.0,0.1996,0.9216,2094.0,1.024,0.197,0.0,0.0,-271.508,724118.292,1.0
521.902,2.455,0.067,1108.5,0.184,25.0,46.358,-87.316,1924.884,-89.95971,90.28783,0.449,0.0,0.0,0.0,0.19877,0.9279,2094.0,1.023,0.195,0.0,0.0,-270.237,724118.487,1.0
522.902,2.388,0.067,1107.21,0.184,25.0,46.358,-87.316,1924.884,-89.95986,90.28414,0.449,0.0,0.0,0.0,0.19795,0.9343,2093.0,1.023,0.194,0.0,0.0,-268.977,724118.681,1.0
523.902,2.321,0.067,1105.926,0.184,25.0,46.358,-87.316,1924.884,-89.96001,90.28038,0.449,0.0,0.0,0.0,0.19714,0.9406,2093.0,1.023,0.192,0.0,0.0,-267.727,724118.873,1.0
524.902,2.254,0.066,1104.648,0.184,25.0,46.358,-87.316,1924.884,-89.96016,90.27656,0.449,0.0,0.0,0.0,0.19634,0.947,2093.0,1.023,0.191,0.0,0.0,-266.487,724119.063,1.0
525.902,2.188,0.066,1103.376,0.184,25.0,46.358,-87.316,1924.884,-89.96031,90.27269,0.449,0.0,0.0,0.0,0.19555,0.9533,2092.0,1.023,0.189,0.0,0.0,-265.257,724119.253,1.0
526.902,2.122,0.066,1102.109,0.184,25.0,46.358,-87.316,1924.884,-89.96046,90.26876,0.449,0.0,0.0,0.0,0.19476,0.9596,2092.0,1.022,0.188,0.0,0.0,-264.037,724119.441,1.0
527.902,2.056,0.066,1100.849,0.184,25.0,46.358,-87.316,1924.884,-89.9606,90.26479,0.449,0.0,0.0,0.0,0.19398,0.966,2091.0,1.022,0.187,0.0,0.0,-262.827,724119.627,1.0
528.902,1.99,0.066,1099.594,0.184,25.0,46.358,-87.316,1924.884,-89.96074,90.26078,0.449,0.0,0.0,0.0,0.1932,0.9724,2091.0,1.022,0.185,0.0,0.0,-261.627,724119.813,1.0
529.902,1.925,0.065,1098.345,0.184,25.0,46.358,-87.316,1924.884,-89.96089,90.25673,0.449,0.0,0.0,0.0,0.19243,0.9787,2091.0,1.022,0.184,0.0,0.0,-260.436,724119.996,1.0
530.902,1.86,0.065,1097.101,0.184,25.0,46.358,-87.316,1924.884,-89.96103,90.25264,0.449,0.0,0.0,0.0,0.19167,0.9851,2090.0,1.022,0.183,0.0,0.0,-259.254,724120.179,1.0
531.902,1.795,0.065,1095.863,0.184,25.0,46.358,-87.316,1924.884,-89.96117,90.24852,0.449,0.0,0.0,0.0,0.19092,0.9914,2090.0,1.021,0.181,0.0,0.0,-258.082,724120.36,1.0
532.902,1.73,0.065,1094.631,0.184,25.0,46.358,-87.316,1924.885,-89.96131,90.24436,0.449,0.0,0.0,0.0,0.19017,0.9978,2089.0,1.021,0.18,0.0,0.0,-256.92,724120.54,1.0
533.902,1.665,0.064,1093.404,0.184,25.0,46.358,-87.316,1924.885,-89.96144,90.24018,0.449,0.0,0.0,0.0,0.18942,1.004,2089.0,1.021,0.179,0.0,0.0,-255.766,724120.719,1.0
534.902,1.601,0.064,1092.183,0.184,25.0,46.358,-87.316,1924.885,-89.96158,90.23597,0.449,0.0,0.0,0.0,0.18869,1.011,2089.0,1.021,0.177,0.0,0.0,-254.621,724120.896,1.0
535.902,1.537,0.064,1090.967,0.184,25.0,46.358,-87.316,1924.885,-89.96171,90.23174,0.449,0.0,0.0,0.0,0.18796,1.017,2088.0,1.021,0.176,0.0,0.0,-253.486,724121.072,1.0
536.902,1.473,0.064,1089.756,0.184,25.0,46.358,-87.316,1924.885,-89.96185,90.22747,0.449,0.0,0.0,0.0,0.18723,1.023,2088.0,1.02,0.175,0.0,0.0,-252.359,724121.247,1.0
537.902,1.409,0.064,1088.551,0.184,25.0,46.358,-87.316,1924.885,-89.96198,90.22319,0.449,0.0,0.0,0.0,0.18652,1.03,2088.0,1.02,0.174,0.0,0.0,-251.241,724121.421,1.0
538.902,1.346,0.063,1087.352,0.184,25.0,46.358,-87.316,1924.885,-89.96211,90.21889,0.449,0.0,0.0,0.0,0.1858,1.036,2087.0,1.02,0.173,0.0,0.0,-250.131,724121.593,1.0
539.902,1.282,0.063,1086.157,0.184,25.0,46.358,-87.316,1924.885,-89.96224,90.21456,0.449,0.0,0.0,0.0,0.1851,1.042,2087.0,1.02,0.171,0.0,0.0,-249.03,724121.765,1.0
540.902,1.219,0.063,1084.968,0.184,25.0,46.358,-87.316,1924.885,-89.96237,90.21021,0.449,0.0,0.0,0.0,0.1844,1.049,2086.0,1.02,0.17,0.0,0.0,-247.938,724121.935,1.0
541.902,1.156,0.063,1083.784,0.184,25.0,46.358,-87.316,1924.885,-89.96249,90.20584,0.449,0.0,0.0,0.0,0.1837,1.055,2086.0,1.02,0.169,0.0,0.0,-246.854,724122.104,1.0
542.902,1.093,0.063,1082.605,0.184,25.0,46.358,-87.316,1924.885,-89.96262,90.20146,0.449,0.0,0.0,0.0,0.18302,1.061,2086.0,1.019,0.168,0.0,0.0,-245.778,724122.272,1.0
543.902,1.031,0.062,1081.431,0.184,25.0,46.358,-87.316,1924.885,-89.96274,90.19705,0.449,0.0,0.0,0.0,0.18233,1.068,2085.0,1.019,0.167,0.0,0.0,-244.71,724122.438,1.0
544.902,0.968,0.062,1080.262,0.184,25.0,46.358,-87.316,1924.885,-89.96286,90.19263,0.449,0.0,0.0,0.0,0.18166,1.074,2085.0,1.019,0.166,0.0,0.0,-243.651,724122.604,1.0
545.902,0.906,0.062,1079.099,0.184,25.0,46.358,-87.316,1924.885,-89.96298,90.18819,0.449,0.0,0.0,0.0,0.18098,1.08,2085.0,1.019,0.165,0.0,0.0,-242.599,724122.769,1.0
546.902,0.844,0.062,1077.94,0.184,25.0,46.358,-87.316,1924.885,-89.9631,90.18373,0.449,0.0,0.0,0.0,0.18032,1.087,2084.0,1.019,0.164,0.0,0.0,-241.555,724122.932,1.0
547.902,0.782,0.062,1076.786,0.184,25.0,46.358,-87.316,1924.885,-89.96322,90.17925,0.449,0.0,0.0,0.0,0.17966,1.093,2084.0,1.018,0.162,0.0,0.0,-240.52,724123.095,1.0
548.902,0.721,0.062,1075.638,0.184,25.0,46.358,-87.316,1924.885,-89.96334,90.17476,0.449,0.0,0.0,0.0,0.179,1.099,2084.0,1.018,0.161,0.0,0.0,-239.492,724123.256,1.0
549.902,0.659,0.061,1074.494,0.184,25.0,46.358,-87.316,1924.885,-89.96346,90.17025,0.449,0.0,0.0,0.0,0.17835,1.105,2083.0,1.018,0.16,0.0,0.0,-238.471,724123.416,1.0
550.902,0.598,0.061,1073.355,0.184,25.0,46.358,-87.316,1924.885,-89.96357,90.16573,0.449,0.0,0.0,0.0,0.17771,1.112,2083.0,1.018,0.159,0.0,0.0,-237.458,724123.576,1.0
551.902,0.537,0.061,1072.221,0.184,25.0,46.358,-87.316,1924.885,-89.96369,90.16119,0.449,0.0,0.0,0.0,0.17706,1.118,2083.0,1.018,0.158,0.0,0.0,-236.453,724123.734,1.0
552.902,0.476,0.061,1071.091,0.184,25.0,46.358,-87.316,1924.885,-89.9638,90.15664,0.449,0.0,0.0,0.0,0.17643,1.124,2082.0,1.018,0.157,0.0,0.0,-235.455,724123.892,1.0
553.902,0.415,0.061,1069.967,0.184,25.0,46.358,-87.316,1924.885,-89.96391,90.15207,0.449,0.0,0.0,0.0,0.1758,1.13,2082.0,1.018,0.156,0.0,0.0,-234.465,724124.048,1.0
554.902,0.355,0.06,1068.847,0.184,25.0,46.358,-87.316,1924.885,-89.96402,90.14749,0.449,0.0,0.0,0.0,0.17517,1.137,2082.0,1.017,0.155,0.0,0.0,-233.482,724124.204,1.0
555.902,0.294,0.06,1067.731,0.184,25.0,46.358,-87.316,1924.885,-89.96413,90.14289,0.449,0.0,0.0,0.0,0.17455,1.143,2081.0,1.017,0.155,0.0,0.0,-232.506,724124.358,1.0
556.902,0.234,0.06,1066.621,0.184,25.0,46.358,-87.316,1924.885,-89.96424,90.13828,0.449,0.0,0.0,0.0,0.17394,1.149,2081.0,1.017,0.154,0.0,0.0,-231.537,724124.512,1.0
557.902,0.174,0.06,1065.515,0.184,25.0,46.358,-87.316,1924.885,-89.96435,90.13365,0.449,0.0,0.0,0.0,0.17333,1.155,2081.0,1.017,0.153,0.0,0.0,-230.575,724124.664,1.0
558.902,0.114,0.06,1064.413,0.184,25.0,46.358,-87.316,1924.885,-89.96445,90.12901,0.449,0.0,0.0,0.0,0.17272,1.161,2080.0,1.017,0.0,0.0,0.0,-229.62,724124.664,1.0
559.902,0.054,0.06,1063.315,0.184,25.0,46.358,-87.316,1924.885,-89.96456,90.12436,0.449,0.0,0.0,0.0,0.17212,1.168,2080.0,1.017,0.0,0.0,0.0,-228.672,724124.664,1.0
560.902,0.0,0.06,1062.222,0.184,25.0,46.358,-87.316,1924.885,-89.96466,90.11969,0.449,0.0,0.0,0.0,0.17153,1.174,2080.0,1.016,0.0,0.0,0.0,-227.73,724124.664,1.0
