run,geometry,dx_mm,radius_mm,particles,particles_ratio,processes,particles_per_process_min,particles_per_process_max,damage,steps,warmup,startup_s,step_wall_median_s,step_wall_mean_s,step_wall_min_s,step_wall_max_s,processor_s_per_particle_step,dt_median_s,wall_s_per_simulated_us,peak_rss_max_process_MiB,peak_rss_total_MiB,memory_bytes_per_particle,vm_load_1m_at_start,host_load_1m_at_start,forced,machine,spheral_commit
bench_3d_dx3.000mm_R50mm_n18_dmgoff_steps100_wu10_116c71f,3d,3.0,50.0,19381,0.99940,18,1072,1077,off,100,10,0.698,0.0472274,0.0490169,0.0434897,0.0723524,4.386e-05,1.3621e-07,0.3467,277.1,4902.5,265240,0.0,1.77,False,aarch64,116c71f
bench_3d_dx2.200mm_R50mm_n1_dmgoff_steps100_wu10_116c71f,3d,2.2,50.0,49173,0.99999,1,49173,49173,off,100,10,2.936,0.941782,0.939617,0.889969,0.971685,1.915e-05,9.9888e-08,9.428,589.3,589.3,12565,0.34033203125,1.86,False,aarch64,116c71f
bench_3d_dx2.200mm_R50mm_n2_dmgoff_steps100_wu10_116c71f,3d,2.2,50.0,49173,0.99999,2,24586,24587,off,100,10,1.884,0.52615,0.525101,0.500739,0.543101,2.14e-05,9.9888e-08,5.267,442.2,882.7,18822,0.88818359375,1.41,False,aarch64,116c71f
bench_3d_dx2.200mm_R50mm_n4_dmgoff_steps100_wu10_116c71f,3d,2.2,50.0,49173,0.99999,4,12291,12294,off,100,10,1.174,0.318498,0.317991,0.304088,0.334241,2.591e-05,9.9888e-08,3.189,363.6,1441.0,30729,1.59326171875,1.92,False,aarch64,116c71f
bench_3d_dx2.200mm_R50mm_n8_dmgoff_steps100_wu10_116c71f,3d,2.2,50.0,49173,0.99999,8,6144,6147,off,100,10,0.850,0.175042,0.175014,0.16741,0.193795,2.848e-05,9.9888e-08,1.752,322.0,2538.1,54123,0.15234375,1.93,False,aarch64,116c71f
bench_3d_dx2.200mm_R50mm_n12_dmgoff_steps100_wu10_116c71f,3d,2.2,50.0,49173,0.99999,12,4095,4098,off,100,10,0.746,0.132552,0.13289,0.128537,0.153407,3.235e-05,9.9888e-08,1.327,308.9,3628.4,77374,0.6240234375,1.88,False,aarch64,116c71f
bench_3d_dx2.200mm_R50mm_n18_dmgoff_steps100_wu10_116c71f,3d,2.2,50.0,49173,0.99999,18,2729,2732,off,100,10,0.835,0.102636,0.106598,0.0978839,0.157642,3.757e-05,9.9888e-08,1.028,300.2,5297.7,112970,0.0,1.19,False,aarch64,116c71f
bench_3d_dx1.500mm_R50mm_n18_dmgoff_steps100_wu10_116c71f,3d,1.5,50.0,155331,1.00123,18,8621,8630,off,100,10,1.408,0.296008,0.297219,0.280298,0.32811,3.43e-05,6.8106e-08,4.346,352.0,6240.7,42129,0.37841796875,1.93,False,aarch64,116c71f
bench_3d_dx1.100mm_R50mm_n18_dmgoff_steps100_wu10_116c71f,3d,1.1,50.0,393719,1.00084,18,21861,21874,off,100,10,3.164,0.708392,0.709275,0.661269,0.762681,3.239e-05,4.9944e-08,14.18,507.6,8755.4,23318,0.63330078125,1.7,False,aarch64,116c71f
bench_3d_dx3.000mm_R50mm_n18_dmgon_steps100_wu10_116c71f,3d,3.0,50.0,19381,0.99940,18,1072,1077,on,100,10,0.541,0.0498341,0.0519429,0.0472735,0.071851,4.628e-05,1.3621e-07,0.3659,279.4,4960.1,268360,0.64111328125,1.9,False,aarch64,116c71f
bench_3d_dx2.200mm_R50mm_n1_dmgon_steps100_wu10_116c71f,3d,2.2,50.0,49173,0.99999,1,49173,49173,on,100,10,3.059,1.0447,1.04313,1.00558,1.07505,2.125e-05,9.9888e-08,10.46,632.2,632.2,13481,0.228515625,1.87,False,aarch64,116c71f
bench_3d_dx2.200mm_R50mm_n2_dmgon_steps100_wu10_116c71f,3d,2.2,50.0,49173,0.99999,2,24586,24587,on,100,10,1.976,0.580633,0.58013,0.561683,0.595945,2.362e-05,9.9888e-08,5.813,447.6,895.0,19086,0.8984375,1.31,False,aarch64,116c71f
bench_3d_dx2.200mm_R50mm_n4_dmgon_steps100_wu10_116c71f,3d,2.2,50.0,49173,0.99999,4,12291,12294,on,100,10,1.211,0.324125,0.324581,0.315026,0.338692,2.637e-05,9.9888e-08,3.245,380.1,1470.4,31356,1.66162109375,1.86,False,aarch64,116c71f
bench_3d_dx2.200mm_R50mm_n8_dmgon_steps100_wu10_116c71f,3d,2.2,50.0,49173,0.99999,8,6144,6147,on,100,10,0.880,0.189166,0.189281,0.182176,0.202966,3.078e-05,9.9888e-08,1.894,339.2,2642.0,56339,1.38232421875,1.92,False,aarch64,116c71f
bench_3d_dx2.200mm_R50mm_n12_dmgon_steps100_wu10_116c71f,3d,2.2,50.0,49173,0.99999,12,4095,4098,on,100,10,0.849,0.177783,0.202816,0.144456,1.17803,4.339e-05,9.9888e-08,1.78,321.8,3751.3,79993,0.439453125,1.66,False,aarch64,116c71f
bench_3d_dx2.200mm_R50mm_n18_dmgon_steps100_wu10_116c71f,3d,2.2,50.0,49173,0.99999,18,2729,2732,on,100,10,0.753,0.11271,0.114304,0.108631,0.142211,4.126e-05,9.9888e-08,1.128,311.9,5430.1,115793,0.19091796875,1.9,False,aarch64,116c71f
bench_3d_dx1.500mm_R50mm_n18_dmgon_steps100_wu10_116c71f,3d,1.5,50.0,155331,1.00123,18,8621,8630,on,100,10,1.359,0.318494,0.321736,0.308975,0.358098,3.691e-05,6.8106e-08,4.676,361.5,6332.2,42746,0.05078125,1.95,False,aarch64,116c71f
bench_3d_dx1.100mm_R50mm_n18_dmgon_steps100_wu10_116c71f,3d,1.1,50.0,393719,1.00084,18,21861,21874,on,100,10,3.120,0.760496,0.761398,0.731862,0.802891,3.477e-05,4.9944e-08,15.23,511.4,8918.5,23752,0.46484375,1.87,False,aarch64,116c71f
bench_rz_dx2.200mm_R50mm_n1_dmgoff_steps100_wu10_116c71f,rz,2.2,50.0,813,1.00202,1,813,813,off,100,10,0.238,0.00250446,0.00258023,0.00243038,0.00988563,3.081e-06,9.7469e-08,0.02569,248.0,248.0,319891,0.1455078125,1.96,False,aarch64,116c71f
bench_rz_dx1.100mm_R50mm_n6_dmgoff_steps100_wu10_116c71f,rz,1.1,50.0,3243,0.99925,6,538,541,off,100,10,0.293,0.00335454,0.00349727,0.00331392,0.0160732,6.206e-06,4.8734e-08,0.06883,249.7,1491.7,482304,0.1455078125,1.96,False,aarch64,116c71f
bench_rz_dx0.550mm_R50mm_n1_dmgoff_steps100_wu10_116c71f,rz,0.55,50.0,12977,0.99963,1,12977,12977,off,100,10,0.566,0.0351656,0.0353384,0.0347255,0.0436445,2.71e-06,2.4367e-08,1.443,284.2,284.2,22965,0.89697265625,1.85,False,aarch64,116c71f
bench_rz_dx0.550mm_R50mm_n2_dmgoff_steps100_wu10_116c71f,rz,0.55,50.0,12977,0.99963,2,6488,6489,off,100,10,0.446,0.0209956,0.021142,0.0207058,0.0303934,3.236e-06,2.4367e-08,0.8616,271.8,540.4,43668,0.9853515625,1.78,False,aarch64,116c71f
bench_rz_dx0.550mm_R50mm_n4_dmgoff_steps100_wu10_116c71f,rz,0.55,50.0,12977,0.99963,4,3242,3245,off,100,10,0.374,0.0124997,0.0126246,0.012237,0.0237302,3.853e-06,2.4367e-08,0.513,263.1,1047.3,84627,0.9853515625,1.78,False,aarch64,116c71f
bench_rz_dx0.550mm_R50mm_n8_dmgoff_steps100_wu10_116c71f,rz,0.55,50.0,12977,0.99963,8,1616,1623,off,100,10,0.351,0.00947771,0.00959367,0.00910525,0.022808,5.843e-06,2.4367e-08,0.389,258.5,2057.2,166231,0.87744140625,1.87,False,aarch64,116c71f
bench_rz_dx0.550mm_R50mm_n12_dmgoff_steps100_wu10_116c71f,rz,0.55,50.0,12977,0.99963,12,1075,1082,off,100,10,0.359,0.00779223,0.0079724,0.00735863,0.0238368,7.206e-06,2.4367e-08,0.3198,258.4,3089.2,249612,0.87744140625,1.87,False,aarch64,116c71f
bench_rz_dx0.550mm_R50mm_n18_dmgoff_steps100_wu10_116c71f,rz,0.55,50.0,12977,0.99963,18,720,721,off,100,10,0.409,0.00668688,0.00738623,0.00613821,0.0278276,9.275e-06,2.4367e-08,0.2744,260.1,4639.1,374855,0.04296875,1.87,False,aarch64,116c71f
bench_rz_dx0.275mm_R50mm_n18_dmgoff_steps100_wu10_116c71f,rz,0.275,50.0,51932,1.00009,18,2870,2886,off,100,10,0.561,0.0191741,0.0202954,0.0183356,0.0392009,6.646e-06,1.2183e-08,1.574,271.1,4832.5,97574,0.64111328125,1.9,False,aarch64,116c71f
bench_rz_dx2.200mm_R50mm_n1_dmgon_steps100_wu10_116c71f,rz,2.2,50.0,813,1.00202,1,813,813,on,100,10,0.236,0.00301548,0.00307923,0.00283513,0.00894717,3.709e-06,9.7469e-08,0.03094,249.2,249.2,321458,0.35546875,1.88,False,aarch64,116c71f
bench_rz_dx1.100mm_R50mm_n6_dmgon_steps100_wu10_116c71f,rz,1.1,50.0,3243,0.99925,6,538,541,on,100,10,0.291,0.00424513,0.00428044,0.00377771,0.0172589,7.854e-06,4.8734e-08,0.08711,252.1,1502.4,485793,0.35546875,1.8,False,aarch64,116c71f
bench_rz_dx0.550mm_R50mm_n1_dmgon_steps100_wu10_116c71f,rz,0.55,50.0,12977,0.99963,1,12977,12977,on,100,10,0.604,0.0422693,0.051331,0.0394472,0.969143,3.257e-06,2.4367e-08,1.735,329.7,329.7,26641,0.57861328125,1.98,False,aarch64,116c71f
bench_rz_dx0.550mm_R50mm_n2_dmgon_steps100_wu10_116c71f,rz,0.55,50.0,12977,0.99963,2,6488,6489,on,100,10,0.551,0.0260237,0.0258871,0.0240842,0.0355617,4.011e-06,2.4367e-08,1.068,284.5,568.9,45972,0.61279296875,1.9,False,aarch64,116c71f
bench_rz_dx0.550mm_R50mm_n4_dmgon_steps100_wu10_116c71f,rz,0.55,50.0,12977,0.99963,4,3242,3245,on,100,10,0.396,0.0184264,0.0183616,0.0155776,0.03185,5.68e-06,2.4367e-08,0.7562,264.3,1051.5,84965,0.72412109375,1.91,False,aarch64,116c71f
bench_rz_dx0.550mm_R50mm_n8_dmgon_steps100_wu10_116c71f,rz,0.55,50.0,12977,0.99963,8,1616,1623,on,100,10,0.408,0.0154859,0.0158457,0.013229,0.0347314,9.547e-06,2.4367e-08,0.6355,259.6,2070.0,167264,0.72412109375,1.91,False,aarch64,116c71f
bench_rz_dx0.550mm_R50mm_n12_dmgon_steps100_wu10_116c71f,rz,0.55,50.0,12977,0.99963,12,1075,1082,on,100,10,0.383,0.0106328,0.0108748,0.00885354,0.0310515,9.832e-06,2.4367e-08,0.4364,261.7,3104.0,250809,0.79052734375,1.82,False,aarch64,116c71f
bench_rz_dx0.550mm_R50mm_n18_dmgon_steps100_wu10_116c71f,rz,0.55,50.0,12977,0.99963,18,720,721,on,100,10,0.469,0.00759133,0.00826416,0.00703917,0.0285228,1.053e-05,2.4367e-08,0.3115,263.1,4660.1,376552,0.439453125,1.66,False,aarch64,116c71f
bench_rz_dx0.275mm_R50mm_n18_dmgon_steps100_wu10_116c71f,rz,0.275,50.0,51932,1.00009,18,2870,2886,on,100,10,0.577,0.0213499,0.0219409,0.0203145,0.0413339,7.4e-06,1.2183e-08,1.752,274.6,4885.2,98638,0.10595703125,1.96,False,aarch64,116c71f
